date,600674,600085,600011,600845,601985,002252,002001,600900,600436,600588
2022-02-25,0.0107750731679585,0.0456283526244112,0.0954283901005794,0.0188415508166288,0.0394417320512967,0.0030165935394255,0.0343533929364752,0.0039638897970992,0.0176065363940249,0.0105651695092516
2022-02-28,-0.0082781929693713,0.0211834929161796,0.0359876327659596,0.0127390257774298,0.0218587938124992,0.0060060240602117,-0.0117131646636527,0.0187246925146462,0.0120845709654568,-0.001593625835278
2022-03-01,0.0058019226161079,-0.0067915695382261,-0.0080137807235538,-0.0054129856853566,0.0107527917762615,0.0,-0.0151360657882047,0.0038751394025946,0.0068679504833939,0.0006377551236571
2022-03-02,0.0024762703532634,0.0286043337300663,-0.0138891121606667,-0.0217584972136588,-0.0026773777707163,-0.0075131833507831,0.0133671974024593,0.0128097396338393,-0.0143409340198044,-0.0102532138230988
2022-03-03,0.0122901997630373,-0.0083664544656882,-0.0011661808901823,-0.0204838079846418,0.0394269199794576,0.0030120504699917,0.0239078442547349,0.0159936069088844,-0.0582711388999843,-0.0064620580280911
2022-03-04,-0.0089980157195603,-0.0154133085026377,0.0264839888744723,-0.0167343210138199,0.0012878301844287,-0.0015048911794204,0.0100330496193934,0.0,-0.0677437786047301,-0.028606257676945
2022-03-07,-0.0115703770128483,-0.0223435907241298,0.0191339545865436,-0.0456978686510813,-0.0051613017802254,-0.0290318326806613,-0.0143639355572333,-0.0054427599297701,-0.0356088228368793,-0.0754944719778603
2022-03-08,-0.0450564946173832,-0.091781736473214,-0.0236897711224046,-0.0142321364170077,-0.035553448383661,-0.0251190600953319,-0.0344404899802919,-0.0263732852548894,0.001964637174165,-0.0299401699169816
2022-03-09,0.0095197603405958,-0.0235713679527562,0.0325688527635348,0.0447266716234873,0.0445683194798767,-0.0438738113916195,0.0098346791780916,-0.0095280062516547,0.0165132140469008,-0.0289548334442946
2022-03-10,0.0305367238600817,0.0549521712359015,-0.0088790816411301,0.0331083862994572,0.054876610225834,0.009917436657346,0.0378281937240512,-0.0118189163031425,0.0035651806700673,-0.0215974457185366
2022-03-11,-0.0245255421698007,0.0380043404457688,-0.0644642020858481,-0.0173096375350918,-0.0060864460564022,0.024371636821286,0.0275996115984038,-0.0048554498392268,0.0210026437754864,-0.0015606714053446
2022-03-14,-0.0251421999409902,-0.0538130529077851,-0.0676348675437412,-0.0406979942720955,-0.03858599399519,-0.0032154368539742,0.0019425564593378,-0.004434597067866,-0.0382065346512821,-0.0313331204349727
2022-03-15,-0.0851773188223141,-0.0602022098377919,-0.0643689002398699,-0.0447993778863189,-0.0669101976685426,-0.0563062621053822,-0.0739160560844269,-0.0618754037180875,-0.0277814017377089,-0.0546493586263476
2022-03-16,0.0356845373747232,0.0303053494953293,0.0845207156771776,0.0481003918184255,0.0770112936550464,0.0202367782873529,0.0086194618951775,0.0565277973914923,0.0268023852446699,0.0773549745664734
2022-03-17,0.0055197932235979,0.019217147185778,-0.0125472160520883,0.0601519833336525,-0.0151901654939754,0.0049958471933715,-0.0125076079629158,-0.021681066061324,0.0306093855766187,0.0015741837174414
2022-03-18,0.0109490144896704,0.0174169859940023,-0.0012634240467721,-0.0397639172949895,0.023945693596354,0.0246115785965668,0.0,-0.0054945193176405,-0.0089698110865157,0.0003931590378929
2022-03-21,-0.0054595222048989,-0.0045667667398086,0.0075567110225613,-0.0113660651255136,-0.004993768180487,-0.0097720647337924,0.0216400915261885,-0.0059866630563156,0.0013729467825003,-0.0343896343340324
2022-03-22,0.0,-0.0130942705061678,0.0333158511192563,-0.0024524843684199,-0.0062774845191388,-0.0115227612367805,0.0026358193617386,0.017853529836215,-0.0170878319149041,-0.0073499718387326
2022-03-23,0.0009119927672696,0.0642791514045648,-0.0459422814920684,-0.0183794538705148,-0.0088552128297325,0.0,-0.0302873506922485,-0.0068290727499422,0.0360824456255413,0.0077567239289448
2022-03-24,-0.0100779597813498,-0.0075818858319536,-0.0349098151370266,-0.0069016273113375,-0.0244385152697308,0.0049545931246834,-0.0078692900037125,-0.0147264511337064,-0.0059030565787976,-0.0530284947458095
2022-03-25,-0.0185878957680909,0.0006916426788685,-0.0737031957871345,-0.0037846975369841,-0.0330936884299131,-0.011599135843352,-0.0403030367277224,-0.0121270142905394,-0.0222588756440531,-0.004297385212546
2022-03-28,-0.0028182263838414,0.0011516758154206,0.030685810703444,-0.0078249315408545,0.0265619865666977,-0.0066889881507965,0.0022120407186987,0.0204373114241671,-0.005133100325108,-0.0082162624371515
2022-03-29,0.0065635491140034,0.056173173176016,-0.0236286183934451,0.0016970729571568,0.0461029144818176,-0.00167926151972,0.0156595746180121,0.0027548226788445,-0.0001942187556682,-0.004787821986055
2022-03-30,0.0055918132657781,-0.010941028178208,0.0236286183934451,0.0441568262565055,0.0012507819016525,0.0100335289895778,0.0043410920886572,0.0041180566089176,0.0350221063110378,0.0173014696357527
2022-03-31,-0.0018604656529199,0.0279875084872238,-0.0521612244290159,-0.0114217027921785,0.0136563264474856,-0.003333336419758,-0.0200006667066694,0.004555816535861,-0.0084126433934619,-0.0181744509220975
2022-04-01,0.007421184337617,-0.0187890205016314,0.0172170680429948,0.0122325684356345,-0.0149071083491381,-0.0050209310500997,0.04233599935147,0.0099503308531678,-0.0020826766758119,-0.0026235257723845
2022-04-06,0.0425211047432347,0.0015248886518719,-0.0332640936405124,-0.0060975798681184,0.0136733019002099,0.0100167782434712,0.0060332008041683,0.0062808640754146,-0.0236207545981121,-0.0194524259268153
2022-04-07,-0.0142732128741167,-0.0399697964323619,-0.0344087796855419,0.0006114338313385,0.0024660924951933,-0.0150630463110956,0.0119582889888731,0.0137688162325391,-0.0009707796122073,-0.0331321433127262
2022-04-08,0.0142732128741167,-0.0212944508847483,0.015106027431013,-0.050778692549358,-0.0037014231031862,-0.0084674510990985,0.0156276215967081,0.0231098141528267,-0.0061051043687836,-0.011603750528665
2022-04-11,-0.0160717745100318,-0.0081329598984112,-0.0397605889949534,-0.0838011013593815,-0.0149442382682765,-0.0363676441708746,-0.0141428403291286,-0.0112701669710397,-0.0364882932631367,-0.041464124077359
2022-04-12,-0.0081337999267701,0.0013989277170671,-0.0015612805669524,0.0887193193347863,0.0025062669760593,0.0261111440036856,0.0053270324255376,0.0043497241264658,0.0393506423420566,0.0400625821520703
2022-04-13,-0.0063723474622587,-0.042113990639419,-0.0253178079842899,-0.0059906041371573,-0.016404153337068,-0.0103627870355464,-0.0696677491909874,0.0021677875387133,0.0020117466793259,-0.0265292678214335
2022-04-14,-0.0027434859457504,0.018061899805013,-0.0392207131532813,0.0233308567626955,-0.0231670592815342,0.0069204428445737,-0.0143428753594041,0.0064753086173063,0.0145132955661448,0.0090801101759243
2022-04-15,-0.00275103337189,0.0068973992081553,0.0629747991613884,-0.0086325412385113,-0.0078431774610261,-0.0069204428445737,0.0190784801052386,0.0068610903799455,0.0022338533670192,-0.0110022635788835
2022-04-18,0.0226972975542687,-0.0167307917914705,0.051840875267193,0.0046413585430458,0.002621233479874,0.0,-0.0271365414350013,-0.0194180858571018,-0.0011482156079223,0.0095740319626203
2022-04-19,0.0008972634069901,0.0079222596557109,-0.0074571561080822,-0.0065463226073205,0.0447931565997543,-0.0017376198985408,0.0090206797259311,0.0104032147608865,-0.0217115807883763,-0.0275313210960219
2022-04-20,-0.0190137009122928,-0.0313322533602704,-0.0029985029962564,-0.0085106896679083,-0.0138628559083953,-0.0157759625941675,-0.0322661199108833,0.0068758328474656,-0.0075951389793829,0.0019569477869607
2022-04-21,-0.019382240351228,-0.0377118594476937,-0.0243173076507063,-0.0292703823001132,-0.0642001689096773,-0.0378082835399387,-0.0278775399724326,0.0081041177172243,-0.0241472470341008,-0.0348120682037587
2022-04-22,0.041082911084346,-0.0275342069488124,0.0698130478708412,-0.0242746581413215,0.024065332489247,-0.0055197932235979,-0.0106147204483941,0.0063519163385636,-0.0029331960815346,-0.0132452267500209
2022-04-25,-0.0476280489892548,-0.0729134103044599,-0.0071994551428542,-0.0184284591836547,-0.036318719295012,-0.0707075721642864,-0.0754063123157022,-0.0330431263241552,-0.0273483288825016,-0.0895320336946521
2022-04-26,-0.0056444176196768,-0.0264079639845475,-0.0233928795747055,-0.0743376196458323,-0.0520145349525336,0.0137661957641479,-0.0413015700277799,0.0117112594209016,0.0146058400845037,-0.0512047426511403
2022-04-27,0.0121895555245856,0.0390752691853131,0.0658320628498621,0.089152705430973,0.0312525435041044,0.0155041865359653,0.0187780953606968,-0.0134579847558433,0.0318715876240593,0.0455804308622083
2022-04-28,0.0239422117729226,-0.0072993024816114,0.0137553750684853,0.0407857947700294,0.0027932979056126,-0.023347363996991,-0.0041849024363527,0.0056657375356774,0.011887065998299,-0.0016934805063333
2022-04-29,0.0036330648498812,0.031616610132318,-0.0027359798188746,0.0331120712793371,-0.0055944201853244,0.0610876919798382,0.0203780636534789,-0.012683310194324,0.0021253993123133,0.078215746445025
2022-05-05,0.0232985448961593,0.0952357224125326,-0.024966622730461,0.02572222294055,0.009769791595805,0.0327898228229908,0.0078139932473484,0.0157208477869481,0.0087805442179442,-0.0350913198112703
2022-05-06,-0.0214869501978083,0.006185841820598,-0.0459851132418234,-0.0073998282162843,-0.0253178079842899,0.0300110784160394,-0.0164428218755481,-0.0157208477869481,-0.035158391141655,-0.0086957069675537
2022-05-09,0.0045146803545264,-0.0116612163758005,0.0275579440636579,0.0084232650060553,-0.0071479932652871,0.0,-0.0113680648281735,-0.0168668002118961,-0.0006374021048785,-0.0165111070657926
2022-05-10,0.0222726356091231,0.0044820792165189,0.0433937919086264,0.027841217252106,0.0085714810501409,-0.0052310494175527,-0.0130419953703961,0.0221345911467549,-0.0019146476348366,0.0186921330121525
2022-05-11,-0.0133039656263629,0.0017376198985408,0.0027359798188746,-0.0051865266873001,-0.0014234877848537,-0.0105449131766148,0.0221467623633153,-0.0127783188391221,0.0147849239818977,0.0086768440256888
2022-05-12,-0.0089686699827602,0.013793322132336,-0.0234979712673037,0.0133110140596723,0.0042643987864576,0.0035273405179683,0.0067745836817554,-0.0107000575042461,-0.0040499325040883,0.010741241831413
2022-05-13,0.0380072259626791,0.0251220941173375,-0.0042046312820318,-0.0041530762749064,0.0168780377873516,0.005267790934859,0.0085901555302108,0.0404095383378768,0.0149231862521563,-0.0058934003952866
2022-05-16,-0.0095861300531034,0.0146817697593042,-0.0227282510775561,-0.0131659591823045,-0.0239955055562157,-0.0105634785095691,-0.0429315690446205,-0.0103852080072277,-0.0191900016191421,0.003754362146537
2022-05-17,-0.0087951314528273,0.0011746741630309,-0.0306369694618897,-0.0054364374304611,-0.0014295928095942,-0.0196610443991573,-0.0554700335990379,0.0004348771540594,0.0041004841345868,-0.0016072867108718
2022-05-18,0.0140353181163837,-0.0334239754871328,0.0434851119397388,-0.0113706808859199,0.0042826617920006,0.0071942756340273,0.0574091460934074,-0.0096112579101137,-0.0126554302127228,0.0101361230583925
2022-05-19,0.0086730812534288,-0.0048673739317428,0.0307286747212505,-0.007378594656862,-0.0114614435190065,-0.0017937224540269,-0.012083561566142,0.0217116648442012,-0.013773668237424,-0.0373117084373575
2022-05-20,0.0137223422551011,0.0385261187590786,0.0163714434146826,0.0039010418017375,0.0353893972142422,0.0107143882124063,0.0109205453466612,0.0008587377084174,0.0436464504391604,0.0562397183228764
2022-05-23,-0.0076956343882406,0.0100432935751832,-0.0316177539875561,0.0032733253449688,-0.0013917886728225,0.0331908195917474,0.0131023068971889,-0.0173164500114606,-0.0091654852298592,-0.0168071183163815
2022-05-24,-0.0225704025526187,-0.0273279668194561,-0.0326501677707424,-0.0355509842643186,-0.0239616820136341,-0.0296447165849966,-0.0326877351295737,-0.0004367765957185,-0.0224946075459726,-0.0533024478706454
2022-05-25,0.0311174631310771,0.0163452650023367,0.0533834605598753,0.0244602975701608,0.0197746556594176,0.0070547029798899,-0.2027826286652945,0.0138830863218699,-0.0048044482726163,0.0088988351421304
2022-05-26,0.0160408673742877,0.0425498242706217,-0.0179438907015543,-0.005384150509347,0.0289475760348685,-0.0017590154051798,-0.0043699996711183,0.0251023603910836,0.0014573062752294,0.0
2022-05-27,-0.0084104785085963,0.0031474846128074,-0.0083916576362483,-0.0056220866460474,-0.0109290705321902,-0.0106195688274601,-0.0029239786914354,-0.0033670065479043,0.000338604276421,0.0033167526259938
2022-05-30,0.0092476489216601,0.023514836806791,-0.0056338177182559,0.0823370042269093,-0.0041293933420112,0.0,-0.0103017835278258,0.000842815051997,0.0125153026377384,0.0272199712340879
2022-05-31,0.0075031615031551,0.020829566270677,0.042853827254482,0.0034555611271547,0.0013783599701213,0.0017777782459993,0.0224290240783986,0.0117254274703157,0.0348261213432543,0.0389728099995099
2022-06-01,-0.0142202312590984,-0.0325178678227104,-0.0288283518999776,-0.0264093018165643,-0.0152674721307883,-0.0035587226169939,-0.0028971531611525,0.0087047181765966,-0.0184119254130381,-0.0166670524852117
2022-06-02,-0.0152804331375993,0.0132218761761793,-0.0027894020875784,0.0389785017621067,-0.0140847398817389,-0.0053619431413853,0.0153553880831944,-0.012876605746003,-0.0100154538419019,0.0104494158743411
2022-06-06,0.0042680389159732,0.0048045517187444,-0.0056022555486698,0.0367866112205148,-0.0114123920517448,0.0035778213478838,0.0094787439545438,0.0087409505545092,0.0134628839984074,0.0407388309791034
2022-06-07,-0.0034129725962399,0.0147061473896954,0.0111733005981251,-0.0012777221780293,0.0028653314732864,0.0088889474172462,0.0384039791362851,-0.019247456111048,0.0353873914401656,-0.0120483385161742
2022-06-08,0.0076628727455689,0.0030010740637766,0.0069204428445737,-0.0047601701016031,-0.0100647866161407,-0.00532388125275,0.0049807664662386,0.0042158578462099,0.0091641196220546,0.0190100772249732
2022-06-09,0.0042319149065801,-0.0144445758186555,-0.1045945255782436,-0.0142318269399703,0.0100647866161407,-0.00714288751238,-0.011356015745719,-0.0025273812947883,-0.0197869534378236,-0.0456237257430633
2022-06-10,0.0200675630508091,0.01508649303338,-0.0061444125723411,0.0048282359348217,-0.0014316394714377,0.00714288751238,0.0252607026534916,0.0129899165745235,0.0146011164054584,0.00103680672844
2022-06-13,-0.0200675630508091,0.0625981371357666,-0.0619737595367331,-0.0070645395131019,-0.0305478298500976,0.0017777782459993,-0.0093981448058815,-0.0312921937886003,-0.0183491386681966,-0.0036335363101511
2022-06-14,0.0117549632314437,-0.0115187693722003,0.0081633106391612,0.0061378412723791,0.0088235866585151,0.0176060885750493,0.0274961889842826,0.0304592074847085,0.0165829667012165,0.002596729581711
2022-06-15,-0.0016708441648174,0.0074921885342202,-0.0065253086349226,0.0172798417217485,0.0130910960468795,0.0104167608582554,0.0100109649997395,-0.0138454068220532,0.0235224221872902,0.0316514425480471
2022-06-16,-0.0177145079323177,0.0343049401442412,0.0448074952059394,-0.0063991442425521,-0.0101671173554445,0.01882005932677,-0.0043402845913136,-0.0187638767435744,0.0050438366195235,0.0134766202356737
2022-06-17,0.0126851595273156,0.0158580000799202,-0.0062794554848433,-0.0003669051591335,-0.0058565321127128,-0.0033955890011383,0.0090929398971741,0.0158021652492466,0.0371868405719206,0.0009910803586254
2022-06-20,0.0016792615197198,0.0074548753931238,0.0960257433411189,-0.0090314870643988,-0.0044150182091167,0.0367320092687299,0.011144564553065,-0.0201162357882167,0.0052474988489166,0.0093665954698325
2022-06-21,0.008354267469858,-0.0291779949254422,0.0323743966590157,0.0156152709046577,0.0160939830732629,-0.0132015118585357,-0.0267834584375199,0.0008643042888953,-0.0091567616607886,-0.0093665954698325
2022-06-22,-0.0117156151725628,0.0033277900926749,0.0,-0.0189535529365914,-0.0220111601013515,-0.013378125946176,-0.0105634785095691,0.0021574981400211,-0.0131423635935341,-0.036826355566887
2022-06-23,0.0016820861829849,0.0285128157629839,0.0055248759319699,0.0231372789117587,-0.0014847812675791,0.0,0.0044150182091167,-0.0043196611445166,0.012548715609344,0.0253691941254587
2022-06-24,-0.0042105325363435,0.0018975337761912,0.0177479061234058,0.009754412602577,-0.004467617259716,0.0016820861829847,-0.0066298585386697,0.0116205310230186,0.0161690486015837,0.0089776164070984
2022-06-27,0.0,0.0007580064793488,-0.0316177539875561,0.0066290666479478,0.0014914245866699,0.0050293484050021,0.0193242728264029,-0.0025706955031008,0.0308097259635413,0.0103730245981878
2022-06-28,0.0142440615259213,0.023772762012777,-0.0027972046210613,-0.0023241272640923,0.0250197009616617,0.0066666913581892,0.0008695652721844,-0.008617028761376,-5.6658828876621214e-05,-0.0049261183360558
2022-06-29,-0.0041684095371796,-0.0216912019840482,0.0,-0.011883467175104,-0.0102265317838312,-0.0049958471933715,-0.0100459460282387,0.0017293562459537,-0.0113394759019929,0.0955346215065349
2022-06-30,-0.0041858579326783,-0.0003781433208227,-0.0141046061815419,-0.011110213545094,0.007315321576373,-0.0100671991177241,0.0013160782772607,-0.0012967367280665,0.0219072709151699,-0.0259164311688828
2022-07-01,0.0248562921062456,-0.0760008366219744,0.0155041865359653,-0.0184848146741027,0.0159077830346385,0.0033670065479043,-0.0208202426552421,0.0506010132937895,-0.0168199467876055,0.0178046246335066
2022-07-04,0.0210534091978322,0.0423470501704517,0.0504537812558318,0.0116851927762127,0.022696009653772,0.0232568621642672,0.0221345911467549,0.0012327924306325,0.0075544933418152,-0.015963850989014
2022-07-05,-0.0032102756302481,-0.001957714016028,0.041672696400568,-0.0159854705071156,0.0028011222797117,-0.0049382816405825,0.0008752735788548,-0.0045276883274851,-0.0050489399554134,-0.0331883696651837
2022-07-06,0.0455695494693899,-0.0203906896477339,0.0076239251106597,-0.0030024417375758,-0.032696587076338,-0.0149628726767123,-0.0474786885716209,-0.0074534506545806,-0.019091397597859,-0.0090714396246984
2022-07-07,0.0160003413464409,-0.000200020002667,0.0262351086543453,-0.0115302288646135,0.0014440435722335,-0.005037794029957,-0.0110702237542472,0.0016611299500763,-5.7971014508773067e-05,0.0023952107259543
2022-07-08,0.0429059892943364,0.0013993005781491,-0.0037059955943172,0.0186463637630946,-0.0145351396191131,0.0183491386681964,-0.0079162229464819,0.0041407926660315,-0.0190208812855612,-0.0134876803819512
2022-07-11,-0.0182686849089512,-0.0048057761695936,-0.0049627893421293,-0.0251312234142924,0.010196738020515,-0.008298802814695,-0.0042164503789345,0.0200456701944471,-0.0109313430709452,-0.0310293300765049
2022-07-12,0.0510351489764957,-0.018639113353208,0.0197050710793327,-0.0094204291786565,0.0086580627431145,-0.0390873887080467,-0.0165684263472329,0.0084695001135739,-0.0208850204647372,-0.0243049938772887
2022-07-13,0.0041958103513355,-0.0010230179920345,-0.0085732307104882,0.025930909549042,-0.0028776998276152,0.0,-0.0033468833537084,0.0028073008210198,-0.0051674960958685,0.0030706267729647
2022-07-14,-0.0175998911101844,0.0192606055418154,-0.100860610334974,0.0043196611445162,-0.036687900378576,0.0017316021642779,0.0033468833537084,-0.0044150182091167,-0.0065511483471745,-0.014410954490347
2022-07-15,-0.0251721309500165,-0.0024125464053841,-0.0150791068271201,-0.2826970172628624,-0.0443158837745107,-0.0174524499512263,-0.0163622514657788,-0.0227837357360622,-0.0152983301376723,-0.0036354233754911
2022-07-18,0.0180445170257845,-0.0213618132095287,0.0445718610517325,0.0313290428921466,0.012422519998557,0.0070175726586465,0.0357436191896263,0.0263974718510247,-0.0014109902787753,0.0407803703449278
2022-07-19,-0.0209620975053068,-0.0008228759978825,-0.0254194288369764,0.0310782929202022,-0.0046403795565022,0.0087032751283018,0.0107102304347219,0.0040000053333462,-0.0292275110310331,0.0396624813858061
2022-07-20,-0.0095413567881079,0.01369464427458,-0.0163938097756763,-0.0084448073994982,0.0,-0.0017346058122083,0.0004630701634034,-0.0044008872789831,-0.0018432588852688,0.026996666754925
2022-07-21,-0.040637645731826,-0.0032533578919169,-0.0321931230141312,0.0068083371336453,-0.0235304974101941,0.0189171591322052,-0.0046403795565024,-0.0380025300187285,0.001229216690973,-0.0164903618994154
2022-07-22,0.0045977092486291,-0.0022428391499915,-0.0114450462458726,-0.0134261821325334,-0.0111733005981251,0.0285493781067183,-0.012637659418452,0.0049854694037785,0.0037752331755713,-0.0148363573270091
2022-07-25,-0.0115341532452863,0.004277427847779,-0.0396236720281466,-0.0126478240117,-0.0032154368539742,-0.0049792633996073,-0.0094652860005566,-0.0012440391403312,-0.0029027596579611,-0.0258866713858512
2022-07-26,-0.0007736944293101,0.0177281032935807,-0.0014981276210219,-0.0016824904822221,-0.0048426244757879,-0.0083542674698577,-0.0057224762740659,0.0,0.0018716324157344,0.0478236502624369
2022-07-27,-0.0108950494050672,-0.0025992216972805,0.0163572420247719,0.0009617697303037,0.0064516352814885,-0.0101181301655846,0.0009560230173661,-0.007496911414178,-0.0135349929743346,0.0075188324140271
2022-07-28,-0.0133912989725604,-0.0212451086137361,0.0247645576243966,-0.0086894102141599,-0.0032206147000419,-0.0033955890011383,0.0,-0.0008364701449661,-0.0056037242540467,-0.016997576368571
2022-07-29,-0.011164390284883,-0.03835401318161,0.0100215584610188,-0.0260329043195803,-0.0048504541337495,-0.0188846813905272,-0.0149220578690947,-0.0008371704130638,-0.0286009962140258,-0.0071684894786123
2022-08-01,0.0245556892574434,-0.0076792186243648,-0.036262131113536,0.0049640211142119,-0.0212948259705729,-0.0157208477869483,-0.0195892649964886,-0.0041963972617655,-0.0073650781787044,-0.0125484272051124
2022-08-02,-0.0301849763383974,-0.0229596396809768,-0.0437805765600003,-0.0210165353616584,-0.0285493781067183,-0.0468554172815049,-0.0285948752770548,-0.0067510804934194,-0.0161750809272138,-0.0340857893092514
2022-08-03,0.0024164329116285,0.034668128945877,-0.0265848338110614,0.0165500266955196,-0.0068376334776041,-0.0074074412778617,-0.0051020518838953,-0.0076498460604041,0.0116682618679933,0.0331139719344188
2022-08-04,0.0316732731049254,0.0434851119397388,0.0327386993854397,0.0071862532033106,0.0353870115843224,0.0293061265854992,0.0101782049157557,0.0173402526255381,0.0164939597503464,0.0197358993032854
2022-08-05,-0.0093970934261822,-0.0038574811816567,-0.0061538655743782,0.0315943654182171,0.008244069775082,0.0125562187754126,0.0254950074734066,0.0095974031062699,0.0053041617575058,0.0560721339763512
2022-08-08,0.0263990485673395,0.0131354823873581,0.0213748595847336,0.0095238815112557,0.0032786914616984,0.0315815720502987,0.0004934616433711,0.0024885952287654,0.0025413824077782,-0.0191088616980463
2022-08-09,-0.0256125758567264,-0.0034188067487854,-0.0091047669929194,-0.0083284241064816,0.0065253086349226,0.0,-0.0139098119515996,-0.0045671659210082,-0.0101707739446732,-0.005989421268175
2022-08-10,-0.0150497890039988,-0.0113453404936958,-0.0169104721483164,-0.021739986636406,-0.0065253086349226,0.0017256259674698,-0.0151212558612745,-0.0058430884106592,-0.0114007749513724,-0.0163059750728931
2022-08-11,0.0221003470006659,0.0095306409332862,0.0245035230559138,-0.0009772783577712,0.0226546905648061,0.0085837436913913,0.0314947300592467,0.0045938690102276,0.0200675630508095,0.0236724908896555
2022-08-12,0.0046729056993921,-0.0028294279183382,0.0385804523706629,-0.0212458584269388,0.0079681696491766,0.0102041701742419,0.0405069842798178,0.0095377044804885,0.0034391259126227,-0.0087537992762487
2022-08-15,-0.0140847398817389,-0.0161178639696815,0.0286963736742233,-0.0186497340805993,0.0173096375350918,-0.0102041701742419,0.0103432986068003,-0.0091211245952722,-0.0063868067499655,-0.0177408948036297
2022-08-16,0.0156375352247999,-0.0008230453139508,0.0196084713883764,0.0030480084557669,0.0,-0.0034246608813639,-0.0046882411234556,-0.0045919512956968,-0.0057191072620943,-0.0190210204422842
2022-08-17,-0.004665638323551,-0.0006177288366924,0.03005690743281,-0.0084044808982159,0.0124032597834198,-0.0103449198423928,0.0287189723490115,-0.0143281001540791,0.00880056736385,0.0166630849003799
2022-08-18,-0.0086106207155691,-0.0113931838294427,-0.0314448327076581,-0.0043573053689556,-0.0108444130141287,-0.0034722257107491,-0.0137933221323356,-0.0068143364197301,-0.0142133004706002,-0.0142655771588224
2022-08-19,0.0286730220098325,-0.0193527285158152,0.0953101798043249,-0.023915878621207,0.0321866864959012,-0.0104896066710193,-0.0060367027994296,0.0080868710559278,-0.0047602946063003,-0.0237471784280742
2022-08-22,0.0068519491525527,0.0272382227898053,0.0025220694327097,0.0305723292103827,0.0090090699423659,0.0070052825884086,0.0675324048103171,-0.0046738984596879,-0.0032089605251481,0.039899548599473
2022-08-23,0.0180456024691744,0.0030956582352437,0.038299925087545,0.0055979789953721,0.0,-0.0070052825884086,0.0534025181274273,-0.0107044481775777,-0.0046610544321552,0.024669624348856
2022-08-24,-0.0112402831994193,-0.0149473407791127,-0.0121952730938179,-0.0244008510462787,-0.0120302202765421,-0.0070547029798899,-0.0053796943318249,-0.0030178940775233,-0.0051661902400157,-0.049963265777241
2022-08-25,0.0406109699954075,-0.0027227998809178,0.0525808087433925,-0.0306254135108638,0.0105343336849592,0.003533572581311,0.0033140046900372,0.018396240714789,0.0024142105190225,-0.0102016915861447
2022-08-26,-0.02342713289514,0.0037680597231326,-0.0211772620113075,0.0058807974882544,-0.0181273845925566,0.0174829627803474,-0.0108109161042153,-0.0085143128234959,0.012664896308097,-0.0237165266173162
2022-08-29,-0.0119226449569058,0.0062487185203385,-0.0143715048376531,0.0100769879503568,0.0106142012417735,0.0103449198423928,-0.0109290705321907,-0.003855220024433,-0.009947269633364,-0.0361454466363531
2022-08-30,-0.0166292569715347,-0.016328602269926,-0.0194890455874841,-0.0026420094628387,-0.0228842938335878,0.0,-0.0063599959982623,-0.0008587377084174,-0.0094227981689396,0.0396393358906088
2022-08-31,0.00532118321328,-0.0133859429959435,0.0061312270549365,0.0055401803756152,-0.0171210407801112,0.0017137964777345,-0.0452447763547403,0.0296255267361309,0.0428673420692531,0.0009960160185964
2022-09-01,0.009056665677797,-0.0423829269366442,-0.0386340881853439,0.010468559356656,-0.0126383988717229,-0.0085985052552317,-0.0022276685532238,-0.0029233681291347,-0.0089773500849279,0.0138410514118714
2022-09-02,0.0007510327052226,-0.0116724108629449,0.0410760918408956,-0.0073164684883408,0.0031746058407726,0.0034482792789158,-0.0152811962351195,-0.0037712175430795,-0.0073686846092329,-0.0108589418460227
2022-09-05,-0.008292546578009,-0.0045259185652604,0.0359320092260633,0.0181917698741034,0.0296665003484695,0.0017196908795267,0.0342788959313193,0.0,-0.0071512395727886,-0.0180275287782172
2022-09-06,0.0127869361658485,0.0239787399116147,0.0448608860295425,0.0087180039341641,0.0152674721307883,-0.0068965790590602,0.0766368132010515,-0.0029430334465034,6.802489713830795e-05,-0.0040506384498457
2022-09-07,-0.0059970194723741,-0.0053286094112188,0.0407769991322748,0.0264532366667658,0.009049835519918,-0.0034662079764862,0.0,-0.0076078135326107,-0.0086763994337379,-0.0045766670274116
2022-09-08,-0.0030120504699917,0.0161204771707352,-0.0163313373862212,0.0231025266213431,0.0,-0.008718451039881,-0.0312911490710319,0.003388397989902,0.0077576726562869,-0.0148911609169775
2022-09-09,-0.0098522964430114,0.0028437074834428,0.0010970928143732,0.0055723947947923,0.0,0.005240186663556,0.0091590981667071,0.0109336665322916,0.014733480453013,0.0108053533943972
2022-09-13,-0.0061115545460026,0.0156049980688899,-0.0132452267500204,0.0026541214760111,-0.0166544349051371,0.0052128701885332,-0.0062357300375723,-0.0050314571553671,0.012964471463488,0.0020449904877275
2022-09-14,-0.0170019551411573,-0.0213005227752347,0.0011104942840267,-0.0062847680878932,-0.0169365095308982,-0.0122059056795036,-0.0322061733296226,-0.0037902761737806,-0.0056783429733435,0.0066174840622643
2022-09-15,0.0007791196342701,-0.0006592682361628,-0.0350120459597085,-0.0119528194618876,0.0061919702479209,-0.0194868876734968,-0.0226490517823885,0.0008435259884391,-0.0057777567425469,-0.0132790511001732
2022-09-16,-0.0284379353205337,-0.0244783027359689,-0.0386691411591537,-0.0019651197677381,-0.0506437328187547,-0.0253636784918549,-0.0399963442738195,-0.0110217309041953,-0.0181159476464829,0.004104674824132
2022-09-19,-0.0008016032493363,-0.0049683932375086,-0.0241849756294727,-0.0131173765509413,-0.0130720815673528,-0.0147877001543794,-0.0161778430109849,0.0008521517345663,-0.0126996729994459,-0.0799147076733617
2022-09-20,0.0,0.0318618909119052,-0.0024509816191398,-0.0019950131305197,-0.0032948958968526,0.0055710450494554,-0.0093633642887507,-0.0025586367903245,-0.0005182689932023,0.0088349553148052
2022-09-21,0.017488522034351,-0.0343553751461436,0.0206443275803458,-0.0161050285130981,0.0163669774642054,0.0018501392881613,0.0018796998015777,0.0004268943501331,-0.0289977016958511,0.0054824698727431
2022-09-22,-0.0047393453638964,-0.0360482654438256,-0.018193345961206,-0.0107116555949278,-0.0048820275973084,-0.005560718684697,-0.0051777004351718,-0.0004268943501331,-0.0746937968555947,0.0108755829962592
2022-09-23,0.0007914523563115,0.0204944294683571,-0.0160398256810365,-0.0194180858571013,-0.0131364779053699,-0.0074627212015896,-0.0147376092657696,-0.0038502721362325,-0.0317820884730197,-0.0240843606201432
2022-09-26,-0.020784121462261,-0.0018458703902841,-0.0125158079318303,-0.0047169898781387,-0.0133113446382393,-0.0304205967007118,-0.0062455163377306,-0.0120743165906809,-0.0236256684236257,-0.0161969472148659
2022-09-27,-0.0072963436785067,0.0302536436327343,-0.0025220694327097,0.0151202046390248,0.0116570845422128,0.0210131895988163,0.0299096589201917,-0.0153008449553007,0.0676764469432606,0.019515534331298
2022-09-28,-0.0098120165785076,-0.0067446298842162,-0.0050633019565466,-0.0235612993383975,-0.0302544083578022,0.0037735893836394,0.0125495488515996,-0.01062897517706,-0.0097799360100392,-0.0150211447434589
2022-09-29,-0.0157353143121325,0.0121077712309296,-0.0335515341712331,0.0002648655822663,0.0034071583216142,0.0018814680997056,0.0137616850726813,-0.0026749904493028,0.0174378944786655,-0.0022446698538236
2022-09-30,0.0041649372992842,0.0150412037180753,-0.0039447782910162,-0.0260242721606167,-0.0051151006667704,0.0018779348241999,0.0108745974233221,0.0150645294613958,0.0026271360578249,-0.0112995552539332
2022-10-10,0.0099256397999698,-0.0059451898110398,-0.0013183917532582,-0.010657294473988,0.0017079423451562,-0.0094251404595828,-0.0297300652162597,0.0268996696376362,-0.0492437902805811,-0.0335097788988782
2022-10-11,0.0122700925918146,0.0222765271972606,0.0614003568642567,-0.0222231367847101,0.0708114671234279,-0.0095148196413386,-0.0144963960130777,0.002565200209545,-0.0045777506934756,-0.0171856081464953
2022-10-12,0.0193242728264024,0.0053850426308876,0.0037151745518633,0.0158844081060216,-0.0015910902322417,0.0189399601009214,0.0018823534969807,-0.0090071378832257,0.0050501172587065,0.038116604838513
2022-10-13,-0.004796172263493,0.0138668888684336,0.0553025518782686,0.023228261181345,0.0,0.0074766703430202,0.0032856166614614,-0.007351384458655,0.010569681489688,0.0400391795699581
2022-10-14,0.0008009611962047,0.0398723912473775,-0.0011702751481905,0.0168746471005509,0.0063492276786587,0.031166592238419,0.0208679030829213,-0.0034782643763247,0.0517896665016301,0.0175346958377824
2022-10-17,-0.0128930069612334,0.0167562212556755,-0.0236977914298228,0.0249193222248824,-0.0015835316056442,0.0036036075032985,0.0059483131232864,-0.0087489621932355,-0.0069756507118379,0.0497984242308047
2022-10-18,-0.0032493935983093,0.0497906645030155,0.0190029471256152,0.00025903380536,-0.0015860431556349,0.0107335556431087,0.0022784243167039,-0.0092695433094429,0.0139764162240849,-0.0062208598751025
2022-10-19,-0.0057119698344942,-0.0323264381387669,-0.0274316544606709,-0.0057143012634388,-0.0192313619278874,-0.0215835716671743,-0.0929461125094444,-0.0080142904466491,-0.0383618935003227,-0.0104548782926303
2022-10-20,-0.051207158033649,-0.0019692798802126,-0.0195366409082784,0.0077841596997152,0.0016168152269053,0.007246408520767,-0.0171288822629671,-0.0013419818609836,-0.0031334811072056,0.0208015820812903
2022-10-21,0.0119864448803679,0.0113682133752748,0.0061463008486941,0.0036119750311542,0.0112450984155023,-0.010889399799268,-0.0341118345068629,0.003128494171781,-0.0151167462913841,-0.0046427733642002
2022-10-24,-0.0372821678151313,0.0263502119212071,-0.0185534078957476,0.005393617801316,-0.0064102783609192,-0.0277538627821711,-0.0380436984308252,-0.0262221172509833,-0.1053777851745394,0.0660239736663443
2022-10-25,0.0105449131766151,-0.0271300910794711,0.0197781477916434,-0.0048786847312354,-0.0244113016796809,-0.0151231615742206,-0.029935716519859,0.0082117249765181,-0.0157524688017902,0.0272158120236722
2022-10-26,-0.0167478573012225,0.0206551113063904,-0.0210273671920755,0.0304205967007118,0.0082034914528277,0.0373875320716203,0.0178476572406438,0.0,0.0309205045796128,0.0951817083997412
2022-10-27,-0.0044543503493805,0.0734663558046224,-0.1012025055091623,0.0273382374514805,-0.0115038244814846,0.0253636784918549,0.0159038175203369,-0.0474507617058286,-0.0135287618677439,0.0654749134205601
2022-10-28,-0.0189280098855189,-0.1053013423094846,-0.0525315944328794,0.0065383451234617,-0.0183491386681964,-0.0290401532211637,-0.0281397877562041,-0.0148790841923132,-0.0163834792505239,-0.0548251855039017
2022-10-31,0.0054446595482322,-0.0392207131532815,-0.0235999153408734,0.021254531460733,0.0150378773645405,0.0018399269220072,0.0027940783754476,-0.0205185508196912,-0.0010082634613448,0.03497442227183
2022-11-01,0.0018083187567836,-0.0301949019459688,0.0118695755553837,0.0077674863876442,0.0033112613036558,0.0109690313705739,0.0695135692336808,0.0029571238897436,0.0621920202564476,0.0618754037180875
2022-11-02,0.0143500220298062,0.0470772311091574,-0.0074019582956676,-0.0047003611803315,-0.0099668599153919,0.0180185055026782,0.0,0.0068661378131995,0.028321987284384,0.0487901641694321
2022-11-03,0.0008900757151928,-0.0183192584877183,-0.0014869891215782,-0.0101812173405018,-0.0083822787528045,-0.0162019745762804,-0.0088889474172457,-0.023739987303073,-0.0076009293978254,-0.1033275814346068
2022-11-04,0.00532388125275,0.022746715911281,0.0336535050416426,0.0004758505918958,0.0150378773645405,0.0090334850976678,0.0207907696690736,0.0079761140700087,0.0284164296886029,0.0060741227449607
2022-11-07,0.0026513493216202,-0.0166029325065855,0.0014378147696274,-0.0014282316162637,0.0049627893421289,0.0017969456767017,-0.003091192569673,0.0,0.0103057476121879,-0.0105520459612469
2022-11-08,0.000882223259691,-0.0306823404834264,0.026932882359588,-0.0019074874643947,-0.0049627893421289,-0.0035971261808496,-0.0108950494050668,-0.0044787335378382,0.0018236497439385,0.0257766990057266
2022-11-09,-0.0053050522296933,-0.0010531859846585,-0.0183491386681966,-0.0079070736635458,-0.0083264427765537,0.0107527917762619,0.0015637219761828,0.0034851914789606,-0.0058708203068995,-0.0217050321427834
2022-11-10,0.0026560440581162,-0.0288635750533341,0.0056818334674308,-0.0016853260278937,-0.0050293484050021,-0.0107527917762619,0.0,-0.0059820716775478,0.0014027980323243,-0.0163870934529972
2022-11-11,0.0105541876786903,-0.0002169432701855,0.0210238997917071,-0.013830136732341,0.0330608622608883,-0.0036101122240996,0.0041580101486635,0.02225060893482,0.0057077558906648,0.0098644449709137
2022-11-14,-0.0158733491562901,0.0447630143241375,-0.0041695682367248,0.0152748757267153,-0.0114473858403509,0.019696249975724,0.0062047768868827,-0.0137865305226902,0.0162830018472552,0.0004089143381453
2022-11-15,0.0097302846425759,-0.0006226004144251,0.0013917886728225,0.0211887465263296,0.0163135754915237,-0.0071174677688639,0.023937990494443,0.0408021628907886,0.008080928698475,0.0024499808089841
2022-11-16,0.0087642979935882,-0.0273586087075146,0.0124396904756391,-0.0250460319260876,0.0048426244757879,-0.0053715438019108,-0.0249694501011052,0.001902045271481,0.000453326289354,0.0169838291838799
2022-11-17,-0.0167183832349087,0.0070160806568946,-0.0082759093038597,0.0273989741881144,0.0,0.0053715438019108,0.0061728591070808,0.0099268127854115,-0.0060613134015214,0.065189872715075
2022-11-18,0.0088339797107597,-0.0147265493555037,0.0313590794867335,-0.0118204686004261,-0.0129661459972674,0.0333656938438002,0.0,-0.0099268127854115,-0.0006842025506381,-0.0227973398826062
2022-11-21,-0.0026420094628383,0.0062158596875954,0.0304055147681125,0.0179123337378976,0.001629992210931,-0.024476746426554,0.0142568606248651,0.0018984343622929,-0.0084388686458654,-0.0708613118832457
2022-11-22,0.0286851479988583,-0.0334595627182099,-0.0078431774610261,-0.0207701589741833,0.0209516124857782,-0.0287272896369104,0.0200206887308969,0.0122527451839502,-0.0170944333592997,-0.0254870700022973
2022-11-23,0.0008565311016166,0.0160003413464413,0.0271861403041571,-0.0026268671821836,0.0079428535139367,-0.0109891215755952,-0.0074608652477361,0.0004682744173605,-0.0073211641482728,-0.0016941977792326
2022-11-24,0.010221554071538,0.015534292962184,0.0202282497754713,-0.0163938097756766,-0.0095390230467589,0.0018399269220072,0.0044831955538118,0.0009358915049051,-0.0051213474684335,-0.0209902758918358
2022-11-25,0.0126317469059005,0.0059765386007075,0.0124379712922171,-0.0144451036633892,0.0126985833371273,0.0,-0.0009945301665084,0.0199126746166382,0.0002764340031431,-0.0082591210623435
2022-11-28,0.0041753714104806,0.0040352608648048,0.0256267837321519,-0.0029636969087425,-0.0095087879690272,-0.0036832454162964,-0.0236608067766606,-0.0143156450799204,-0.0172448965786458,-0.0167257420212512
2022-11-29,-0.0050125418235444,0.0111709455484865,-0.0659853504229963,-0.0275844972089611,0.0,0.0164688077132681,0.0096325206134721,-0.0060648658025606,0.0230324282355649,0.0149782535905367
2022-11-30,-0.0008378718546313,0.0297358270651599,-0.0025773210143005,0.0012704867672614,-0.006389798098771,0.0054298775943693,-0.0060728931578992,-0.0070439361452194,0.000863286821783,0.0017474884307144
2022-12-01,-0.0067283685286843,0.0,-0.0156049980688899,0.0386052172933317,0.0,0.0054005531800003,0.0090955654844853,-0.0004713646092455,0.0157220034143756,0.0203074595785182
2022-12-02,0.0016863410404361,-0.0126946831760506,-0.0078947778470079,-0.0066184823041108,0.0,-0.0035971261808496,-0.0040322635279381,0.007515300754465,0.0028146767247454,-0.0348163973224067
2022-12-05,0.0025241914959073,0.0073907131734292,0.0337694425533543,0.0,0.0361959261314728,0.0125337361472566,0.0145402411263533,0.0083877472187006,0.0186151240405694,0.0253620939832788
2022-12-06,-0.0101352218940431,-0.0158749854840762,-0.0337694425533543,0.0058852548485552,-0.0077579908109393,-0.0035650661644961,-0.0165624865071212,-0.0130781873376113,0.032387430411803,-0.0139132679169851
2022-12-07,-0.0068143364197301,0.0080720711506474,-0.036318719295012,0.0075508823019703,-0.0172824411487479,0.010657294473988,0.0185515473319783,-0.0165919900154234,-0.0111852227611999,-0.0065890859960591
2022-12-08,-0.0034246608813641,0.0006182380413299,-0.0137933221323358,-0.0053528108344798,0.0,0.0122916385115567,-0.0099851054269968,-0.0009564802259571,-0.0053050522296933,-0.0150979777321724
2022-12-09,-0.0060215235706859,0.0075936742528104,-0.0267433249755109,-0.0053816176850842,-0.0079554914411146,0.0104167608582554,-0.0090726428775727,0.0009564802259571,0.0153553880831944,0.0120081496283965
2022-12-12,-0.0025917941074289,0.0214409508048478,-0.0274782291911279,0.0196727655987047,-0.0128619136424077,0.0085985052552317,0.047463184060362,-0.0115385895564936,0.0441395622248776,0.0487480597926759
2022-12-13,0.0034542348680877,-0.0230779472825446,0.0058479698824231,-0.0201634427429953,0.0048426244757879,0.0136056520557787,-0.0214747149435843,-0.0019361090268663,-0.013940828220881,-0.0307848166480564
2022-12-14,-0.002589556906734,-0.0401140057332023,-0.0058479698824231,0.0012262417232444,-0.0032258092488826,-0.0256643683759061,-0.0129098118682664,0.0004843787936796,0.0145714999071087,0.0069234374348465
2022-12-15,-0.0034632069246174,0.0010653031794745,0.0160003413464411,-0.0061463008486941,-0.0064830048780781,0.0051858370323654,-0.005010030519537,-0.006315299104473,0.0218266069926205,0.0064474755909693
2022-12-16,0.0103538457307421,0.0114335355207542,0.0270479122220725,0.000246578721506,0.0064830048780781,0.0455006875190333,0.0090000607507381,0.0164334292700574,0.0021566857032082,-0.0207799684917455
2022-12-19,-0.0216928246112599,-0.0320883145515003,-0.0212925006514519,-0.0119049025063184,-0.0212252866152817,-0.0506865245513987,-0.0500104205746612,-0.0198505670838153,-0.0235980779338378,-0.0324545043037058
2022-12-20,-0.0096959772388793,-0.008514405765486,-0.0173665724982987,-0.0183814819131971,-0.001651528038473,-0.0174829627803474,-0.0152916240949481,-0.0034288546942322,-0.0205879220795104,-0.0247039095362424
2022-12-21,0.0044189201380357,-0.0070407331554864,-0.008797710703529,-0.0005083884196941,-0.0033112613036558,0.0122700925918142,0.0063559536006985,0.0039177327289019,0.0323527636590963,-0.0069719083241146
2022-12-22,0.0,-0.022779010824073,-0.0283812925382249,0.0,-0.0116765296618357,-0.0193497681798759,-0.0132874662904605,-0.0048995688411586,-0.003744154139996,0.0069719083241146
2022-12-23,0.011398632841673,-0.0093045037543073,0.0150378773645407,0.0091116803512556,0.0,0.0158593632401073,-0.0064412461028573,0.0024527851394315,0.0056800623741528,0.0457196617515243
2022-12-26,0.0060843299386741,0.0309789082581777,0.0366341331797803,0.0192145649446255,0.0016764463272522,-0.0035026305512018,-0.0184787866740427,-0.001961746583039,-0.0006909656519509,0.0131870042819537
2022-12-27,0.0180339795102146,0.0008837826470076,-0.0014398850579877,0.0108162313091564,0.0050125418235442,0.0242646219996309,0.0098254065544147,0.0083109742616978,-0.0042599679986858,0.0034873618604156
2022-12-28,0.0126851595273156,-0.0205272714127611,0.0709122578727552,-0.0103220380695456,0.008298802814695,-0.0103271141558494,0.0005430355821745,0.0063091691932646,0.0033264063936186,0.0008699435085399
2022-12-29,0.0016792615197198,0.0076353391373569,0.0013413818242011,0.0156865961676992,-0.0099668599153919,0.0289875368732521,0.0145515906403108,0.0062696130135955,0.0018662524856756,0.0341913647482794
2022-12-30,0.0256742880618774,-0.0004475274185233,0.0199077576579251,0.08571351827403,0.0016680571006968,0.0634875488915962,0.003205130948948,0.0095694510161505,-0.0040132907450924,0.0154266140379624
2023-01-03,-0.0008179959556318,0.0166467055703121,0.0386646099059677,0.034660192406446,0.0148886124937506,0.0670983335031696,0.0069094083009346,-0.0042949242828806,-0.016004814498582,0.0297556087552703
2023-01-04,-0.0098685011407537,0.0072376673002305,-0.0178576174000064,-0.0054048342576562,-0.0032894766503985,-0.0360399364831969,-0.0074428839070783,-0.0038332581676616,-0.008774468976493,-0.0008035355996831
2023-01-05,0.0049464239353254,-0.0276964640437795,0.0115164420615592,-0.002604733402352,-0.0049545931246834,0.0030534374868902,0.005321992337941,-0.0028846173848595,0.0297588912473214,-0.0141674096005806
2023-01-06,0.0057400731610601,-0.0509267969755309,-0.0038240964384033,-0.0089510476470366,0.0033057881344995,-0.0356903667999126,0.0215287915855761,0.0057609376804532,-0.006575555791664,-0.0106558385318882
2023-01-09,-0.0057400731610601,0.0061277589811568,-0.0443937124735835,-0.0083682496705166,0.0,0.0078678612006135,-0.0120200036165489,-0.0052795898973929,0.0120109126661356,0.0032908297900888
2023-01-10,0.0024640669551594,0.0405211974056394,-0.0147951589167472,0.0015467907182986,-0.0132892321186826,0.012461220437812,-0.0073878963998899,-0.0072446585879211,0.0005487721361481,-0.009490477669614
2023-01-11,-0.005758962852012,0.0238557740293461,-0.0095303648506939,-0.0086484628199139,-0.0016736405580297,-0.0250796843970235,-0.0010598835120432,0.0091677361036626,-0.0028844192788657,-0.0226424767497599
2023-01-12,0.0228394919698229,-0.000440722792502,-0.0096220673640621,0.0163467302456661,0.0016736405580297,-0.0143887374520994,0.0005300821751474,-0.0067470135465943,0.0085602303240408,0.0042319149065801
2023-01-13,-0.0064725145056172,0.0142249909313476,-0.0125088496917087,0.0067693238078212,0.0016708441648176,0.0254385736386846,0.0084433219275994,0.0120164868176799,0.0148902920383253,-0.0118947876521491
2023-01-16,0.0040502282990226,0.0217096113497365,-0.0126673052007657,-0.0026149502806633,0.0016680571006968,0.0015686277726263,0.0125328011182168,0.0019093084559198,0.0480701007727439,0.0203052661607454
2023-01-17,0.0008080808520536,-0.0137017771933041,-0.0113961347308693,0.0086900394791014,-0.0050125418235442,-0.0126184639592115,-0.0015580371887145,-0.0139257952735998,-0.0017944121707982,-0.0096781735864595
2023-01-18,0.0136383983213428,-0.0099654204259502,0.009978700049896,0.0228813574977531,0.0016736405580297,0.0079051795071132,-0.0026021352179519,0.0009666506310948,-0.0045001683146121,0.0312200173612144
2023-01-19,-0.0007971303730185,0.0155544289556504,0.0042462908814511,0.0200927646989983,0.0033389012655145,0.0078431774610261,0.0057157858912311,-0.0136188875348035,0.0077022203620922,0.0370114649768194
2023-01-20,0.0055666147720536,0.0070490519374142,0.0319693660560587,0.0414020169088078,0.0033277900926746,-0.0015637219761828,0.0113344850741068,0.0294351769780885,0.0157638419825163,0.0295741397824764
2023-01-30,0.0031670651967012,0.029157807604125,-0.0207332927891328,-0.0043833503138501,0.0016597514183644,-0.0110150602306773,0.0005121639036409,-0.0057224762740659,0.0209576854904725,-0.0442949148609246
2023-01-31,-0.0103298495015771,-0.0257578893269068,0.0437228110138314,-0.0011988013423702,0.0016570012076293,-0.0159493014076781,-0.0025634466741983,-0.0057554115706208,-0.0431359176506527,-0.0177926246575061
2023-02-01,0.0055754823843034,-0.0002121565723456,0.0145987994211527,-0.010450255874828,0.008244069775082,0.0080064478937413,0.0061412680220827,0.0,0.0010933531654835,0.0085314350494685
2023-02-02,-0.0031821824784628,0.001695993622556,0.0156865961676997,-0.0134230203321408,-0.0065898096790555,0.001593625835278,0.0101523714640179,0.0076665444982251,-0.0055110763588395,0.0396562667799287
2023-02-03,-0.0080000426670765,-0.0218424101156813,0.0116055461203079,0.0258704807853633,-0.0066335234956338,-0.001593625835278,-0.0137301928119022,-0.0014330071714243,-0.0157324548390747,0.0203970896682141
2023-02-06,-0.0024125464053836,-0.0084792333223751,-0.012903404835908,0.0093337982759775,-0.0016652793190612,-0.0144580831752298,-0.0154801852878989,0.0028639637714289,-0.0178203516749748,-0.0211749971364585
2023-02-07,0.013594771550923,-0.004815067302601,0.0382212128201975,-0.0215792589305134,0.0016652793190612,-0.0081235215214794,0.0005198856368719,0.0151374697472284,-0.0077837070163724,-0.0212355600689342
2023-02-08,-0.0015898254540998,-0.0066035899226104,-0.0025031302181184,-0.0093344833619593,-0.0050041805845757,0.0032573318703066,-0.0015604684570953,0.0032809966156768,0.0024557225602066,-0.0043816043013662
2023-02-09,0.0055533661165552,0.0087951314528273,-0.0062853758149605,0.0052867142246624,0.0050041805845757,0.0048661896511728,0.0031185056458098,-0.0037505904256684,0.0198599411915543,0.0310498513835275
2023-02-10,0.0047356047458344,-0.0094578952018196,0.0249078879129625,-0.0163569379789092,0.0016625107736134,0.0112631922787107,0.0010373444913627,-0.0037647103287965,0.0107457461735984,-0.0378594110434225
2023-02-13,0.0023594191047693,0.0250967890862741,-0.0401559597081244,-0.0010312468687456,-0.0016625107736134,0.0031948908965191,0.0154324050388114,-0.004725906716362,0.0139147311917433,-0.0004020100556654
2023-02-14,0.0015698590351198,0.0,0.0339869086814093,0.0061715892246909,0.0033222621919779,0.001593625835278,0.0096520942381168,0.0023657451298695,0.0042329462896395,-0.0153973868512369
2023-02-15,-0.0118344576470028,0.0107182162200243,0.0098522964430114,0.0217069076802425,-0.006655598611736,-0.0112090845347199,-0.0050684345704588,-0.0052120468617085,-0.0033656574763023,0.0321441897177972
2023-02-16,-0.0007939659011761,0.006799856205133,-0.0098522964430114,0.0075969977533008,-0.0067001925698197,-0.0129661459972674,-0.0215724852541279,-0.0047619137602437,0.0027254525888782,-0.0083383449171536
2023-02-17,-0.0039793128514813,0.0128355260348387,-0.0237957376752211,-0.0487702480164351,-0.0016820861829847,0.0048820275973084,0.0041450836551688,-0.0091105880704587,-0.0073597092656045,-0.0757655837313544
2023-02-20,0.0220829162877493,0.0039645331009019,0.0050569007889738,0.044978963419294,0.0100503358535013,0.0176995770994008,0.0072128081892408,0.0200292818755727,0.0145384909926109,0.0140937630758593
2023-02-21,0.0023373598487048,0.0124173780948697,-0.0037902761737806,-0.0255126208364022,0.008298802814695,-0.0015961695328221,0.0132587357909463,0.004240289038885,0.0103106739225475,-0.0145239631255145
2023-02-22,-0.0078125397367938,-0.0061894152614176,-0.0050761530318608,0.0006150692146751,-0.0033112613036558,-0.0032000027306708,-0.0066073937970805,-0.0061306487700538,-0.0056482172152332,0.0153717800478543
2023-02-23,-0.0047169898781387,-0.0053953233182366,0.0,-0.0179924200205516,-0.0033222621919779,-0.0048192864359488,-0.0071648208241468,-0.0023679859514085,-0.0137322343344292,-0.0218470886651607
2023-02-24,-0.0015772873932484,-0.003125979413292,0.0063411753384472,0.0257507276166539,-0.003333336419758,-0.0097088141269607,-0.0092879924664703,-0.0033246290418782,-0.0117786991926127,-0.0008665511807417
2023-02-27,0.0055096558109695,0.0008345504344164,-0.0127228179279677,0.0099160986561726,0.0049958471933715,-0.0114473858403509,-0.0183107391597054,-0.0033357190806584,-0.0026979164408551,-0.0108957277517327
2023-02-28,0.0186630611319267,0.0208448368746232,0.0450639450203165,-0.0034291511162258,0.0066225407604934,0.0195445960729703,0.0015826961889904,0.0099739606219522,0.0048704557606535,0.0199572784293078
2023-03-01,0.0092025189311617,0.0,0.022989518224699,0.0370890304179107,0.0260601066698649,0.0032206147000419,0.0104877731106305,0.004244288380327,0.0187713072963866,0.0953882773481966
2023-03-02,0.0098747479197585,-0.0032733253449688,-0.0096154586994421,-0.00664194666804,0.0316482109507818,-0.0048348200545831,-0.0062794554848433,-0.000470698996688,-0.0076905045968791,0.0330291160275759
2023-03-03,0.0,-0.0041067819526534,0.0108109161042158,-0.0074759348777448,0.0154562582366917,0.0032258092488826,-0.0089639408553554,0.0042283361095214,-0.0102066343178712,-0.0194551244031204
2023-03-06,-0.0060652195030908,0.0478098680415213,0.0386691411591537,0.0375940414658146,0.0,0.0096154586994419,0.0,-0.0032871595694574,0.0046493690881925,-0.0073458671716157
2023-03-07,-0.0068676347754883,-0.023619238293878,-0.0103987072208986,-0.0192018188485367,-0.0046118452225629,-0.0144580831752298,-0.0170944333593001,-0.0061335412858363,-0.0181051897483399,-0.0311355199668419
2023-03-08,-0.0038358313238711,-0.0040249601530488,-0.0163938097756761,0.0063774493859392,0.0107280722399989,0.0,-0.0010781672203452,-0.008077972175124,-0.0059876478403042,0.0139139593161523
2023-03-09,0.0,-0.0034339999405785,0.0070588528396244,0.0200254617896149,-0.0061162270174359,0.0096619109117368,-0.0037827659265605,-0.0076628727455689,-0.0101153337410933,0.0062967543744401
2023-03-10,0.0023032639740927,-0.0099644952594317,-0.0165488410244725,-0.0075815374523977,-0.0046118452225629,0.0,-0.0059734090188041,-0.0024067400305649,0.0028625656134764,-0.0162155026233041
2023-03-13,0.0182375875497808,0.0246278091069123,0.0035693077751202,0.0435579743391296,0.0198328392329183,0.0016012813669739,0.002719610052642,0.0091149587656835,0.0166459007745665,0.0953826724644746
2023-03-14,0.0216023297984899,-0.0130458448332997,0.0199889077419288,-0.0181973590519071,0.0,-0.0259333820265046,-0.0016308783174454,0.0061890223737064,-0.009558135534875,0.0158219769475023
2023-03-15,-0.0029520316640807,0.01642994281754,0.0376972105957538,-0.0227005339162609,0.0209275201059557,0.0179012103292404,-0.0060027465376255,-0.0028517129591882,-0.0196640230408071,-0.0220026910425286
2023-03-16,-0.0066741070876932,0.0274419415114719,0.0089286307443017,0.0009483168088593,-0.0119049025063184,0.0032206147000419,-0.0137781182097236,0.0094742537196821,-0.028161260241287,-0.0132160513915264
2023-03-17,-0.0014892035514679,-0.016767793909683,-0.0111733005981253,0.0236054422486238,0.0133830993756294,-0.0032206147000419,-0.0089186767318385,-0.0004715868986244,-0.0151742686608891,0.0419743236820262
2023-03-20,-0.0089820963158273,-0.0331831364957113,-0.0273365541637504,-0.006687745528092,-0.0074129323891254,-0.0211906869796389,-0.0101295182388558,-0.0118625353098202,-0.0213151941990465,-0.1052817724001773
2023-03-21,-0.0105821093305369,0.0060790460763824,0.003458216702957,-0.018815230496723,-0.0104712998672953,0.0032894766503985,0.0190481949706944,-0.0004774409257555,0.0103590853129498,-0.0039447782910162
2023-03-22,0.0128352082934459,-0.0091324835632726,-0.0185835777737133,0.0243914531241591,0.0149256502166756,0.0275321033902016,-0.0044493955495417,0.0014316394714373,0.0071527517164353,-0.0432128609050401
2023-03-23,0.0,0.0338743681597635,0.020882429360824,0.0181839889629844,0.0014803851704341,0.0,-0.0095212144640899,-0.0023872057171061,-0.0004234895602532,0.0272762686422276
2023-03-24,-0.0166418364150087,-0.0231270275640911,-0.0022988515871107,0.0155321887201367,-0.0300322870988751,-0.0048038523126454,0.0011248595111834,-0.0067146535256408,-0.0073691256738008,0.0428440451827367
2023-03-27,-0.013052008702854,-0.0002017145745618,-0.0150727491236501,0.0016116038943421,-0.015361285161487,-0.0112995552539332,0.0016849203649198,-0.0223853629608004,-0.0086426022763008,-0.0288856929320298
2023-03-28,0.0122889411343511,0.0453547763308259,-0.0105696814896876,-0.0052022720250706,-0.0046547795449825,0.0016220603718679,0.0117156151725623,-0.0069136077848179,0.0,-0.0019821612039914
2023-03-29,-0.0068939376826917,0.0328084797134478,0.0023584916592929,0.0123336982193986,-0.0125197253449278,-0.0130507561954908,-0.0083542674698575,0.0264074024658191,0.0096377686933761,-0.0339015516756813
2023-03-30,0.0212935802007399,0.0013051181119809,0.0047003611803315,0.0007103534306871,0.0156253179030809,-0.0032894766503985,-0.0016792615197198,0.0238447157945547,0.0027670385528839,-0.0257810536601743
2023-03-31,-0.0052810383016135,0.027021219406913,0.0046783711061011,0.0326581018307701,-0.0093458624182376,0.0576159331781209,0.0055866067086394,0.0014127621845889,0.0074118858355989,0.0576965073642261
2023-04-03,-0.0007567158893064,-0.0320646596295013,-0.0212272121305736,-0.0273464746116784,0.0015637219761828,0.0031055925581531,0.0033370442535769,-0.0070838548884051,-0.0088299235094062,0.0378434078624825
2023-04-04,0.0045317298098823,0.0539489410643305,-0.0095809116117582,0.0169836875761317,0.0368139731227161,0.0107942451308804,0.0071922854991259,0.0080245887301249,0.0248760331066435,0.009904842880938
2023-04-06,0.0060105365021421,-0.0005324341238575,-0.0036166404701885,0.0108781181471826,-0.0045283096247474,-0.0046118452225629,-0.0038663400828533,-0.0032964475341787,0.0083050945168832,-0.0261151553879943
2023-04-07,0.0007487832622414,-0.0246216049925278,0.0285733724440562,0.0393990351438278,-0.0075930509075974,0.0,0.0027631960106959,-0.0056764580048054,0.0003431238024331,0.0188866666184464
2023-04-10,0.0389039886577524,-0.0045591398383599,0.0380011181786135,-0.0201791221337312,0.0045627455584182,0.0,-0.0022099456508031,0.0075614727005763,-0.0236048309103349,-0.0654808002492224
2023-04-11,-0.0036062065767286,0.0090975882202188,0.0033840979842407,-0.0176755111587221,0.0030303053491791,-0.0015420203518152,-0.0044345970678656,0.0018814680997056,0.0051152798806644,0.0069063853635333
2023-04-12,0.0043258899471223,-0.0065419095747136,-0.0170361871525677,0.0053014232757213,0.0165045006714632,0.0,-0.005012541823544,0.0056232575543622,-0.019372176532121,0.0160646025038069
2023-04-13,-0.0043258899471223,0.0041844871392147,0.0034305350967889,-0.0151231615742206,0.0029717703891574,0.0168328381502325,-0.0011173185519925,-0.011751016535519,0.0047630986151236,-0.0262376302168574
2023-04-14,0.0064818376021906,-0.0067401657847199,0.0358782876649019,0.0060423144559624,0.0059171770280885,0.009063506153347,-0.0016783220722746,0.0028328630843046,-0.0024498068384701,-0.0020470836217247
2023-04-17,0.0213076243100465,0.0052866771567368,0.0109530120191969,-0.0117729891649478,0.0146415499929479,-0.009063506153347,0.0111359725404862,0.0042343041387882,-0.0270593512452954,-0.0169460554475531
2023-04-18,-0.0014064699927516,0.0,-0.0366097456125609,-0.000348371367397,-0.0131677103746474,-0.0060882988672552,-0.0011080333543618,-0.0018796998015777,0.0046640515972873,-0.0083717525367368
2023-04-19,-0.0056457454125729,-0.0054694758045359,0.020134908409056,-0.0068176122820302,0.0029411785908162,-0.0107445392829772,-0.0145172845487189,-0.0085026492406403,-0.0040798541219313,0.0020995178822826
2023-04-20,0.0028268570061529,0.0114515474820828,-0.0167508104248153,0.0085582567598141,0.0,-0.0046403795565022,-0.0062059437541535,0.002369107954804,-0.0145601513313291,-0.0186288198334931
2023-04-21,-0.0213988193758489,-0.0045285830495638,-0.0170361871525677,-0.0300110784160398,-0.0133039656263627,-0.0156253179030809,-0.0287046114222211,-0.003318324922136,-0.003115960678258,-0.0242226375758463
2023-04-24,0.0086145543506495,0.0120907364797737,0.0215305767404068,-0.0108109161042149,0.0059347355198144,-0.0015760444554655,-0.0064271328458511,-0.0014255169912211,-0.0255121636672326,-0.0293224028655885
2023-04-25,0.005702082448908,0.0495159310593589,0.0166763175351274,0.0082988028146946,0.004428051515732,-0.027179930531838,-0.0135735338608182,0.0066350954321654,0.0243969633732223,-0.0228008053507755
2023-04-26,-0.0021344725286329,-0.0393436295498004,0.0526154629362647,-0.0373396232899314,-0.007391016646389,-0.0016220603718679,0.0200006667066694,0.0004722550264868,-0.0061933563636165,-0.012532073969854
2023-04-27,0.0211424365738093,0.0288759235018547,0.0093701882875847,0.0155443544378002,0.004441161999968,0.0176995770994008,0.0,0.0329725713615109,0.0081998223137729,-0.0122181971093047
2023-04-28,0.0027855171214263,0.0032721978736223,0.0051679701584421,-0.0084824406813388,0.0190203246790301,0.0467374778516898,-0.0058411381030349,-0.000456933980991,0.009347416257607,0.0215162650265079
2023-05-04,0.0226891823204455,0.0754825428168883,0.0284572048140359,-0.0119226449569063,0.0369885693693405,0.0358782876649017,-0.0035211303985787,0.0306054490760776,0.0063052373560568,-0.0367619152459139
2023-05-05,0.0114904947915999,-0.0261685098646022,0.008977616407098,-0.0007499062968601,-0.0098246404285182,-0.0177782460212838,-0.0250013022054171,-0.0206008181061512,0.0005845176069687,0.0142995763550848
2023-05-08,-0.0047154011252388,0.0134928487724197,-0.008977616407098,0.0091478281908203,0.0195536956266373,0.0044742803949211,0.0042105325363435,0.0108011851173475,0.0953068596464845,0.008013241087414
2023-05-09,-0.0013513515569987,-0.0263409912502687,-0.0222906898983716,-0.0082105331554749,-0.0195536956266373,-0.0119761910467157,-0.003005713113493,0.0181863517559048,0.0383021385273298,-0.0141846349919565
2023-05-10,-0.0074652535363388,-0.0280761486002161,-0.0123712918025469,-0.0054485808818469,0.0042223848798483,-0.0136469138411818,0.0048048140485401,-0.015950714786296,-0.0112469051853398,-0.0062097166343138
2023-05-11,0.0175561565183017,-0.0177178454431023,0.0051733172802204,-0.0109870398664284,0.0056022555486698,-0.004590673708599,-0.006612587966595,0.0181461053497318,-0.0268560433805058,-0.0115663940059489
2023-05-12,-0.0060423144559629,0.0010407633203115,0.0173917427118692,-0.0095694510161505,0.0,-0.0061538655743782,-0.0078716724957677,0.0048129605050091,0.0034794169805483,-0.0215588947584142
2023-05-15,-0.0040485885259999,0.0154828484228932,-0.057397077325568,0.0105213787415325,-0.0197467629348346,0.0,0.0066646717457325,0.0039207194637453,0.0111843271113762,0.0166997987060963
