date,601898,600025,601328,600039,300759,600115,000408,002236,600188,001965
2019-10-14,-0.0039920212695374,-0.0134230203321406,0.0194868876734968,0.0090226175996375,0.0258174029492388,0.0111112254250707,0.0079051795071132,0.0093779993331839,0.0218389025184206,0.0260722403097748
2019-10-15,-0.018163970627671,-0.0022547923870892,0.0035026305512018,-0.0029985029962564,-0.0420136138592308,0.0018399269220072,-0.0331648462663514,-0.0226567274818911,-0.0081337999267701,0.0097561749453647
2019-10-16,-0.0061287219413734,0.0045045121211044,-0.0017497817237874,-0.006024114603380999,0.0217848990775682,0.0,0.0046403795565024,0.0057124877653911,-0.0155467237383,0.0132611949413838
2019-10-17,-0.0123712918025467,-0.0090294067193941,-0.0035087755296792,-0.0030257209165369,0.0448636025727786,0.0073260400920729,-0.0046403795565024,0.0100756519887417,-0.0046189458562944,-0.0011983224921086
2019-10-18,-0.0083333815591444,-0.0299216798650492,-0.0141595286036346,-0.0152674721307883,0.0162089524763198,-0.0333982804018482,-0.0235304974101939,-0.0279560772665901,-0.0215263342480276,-0.0011997601919042
2019-10-21,-0.0126317469059007,-0.0023391823531724,0.0141595286036346,-0.003081666537408,-0.0956597690405369,-0.0056764580048052,0.0047506027585977,0.0248183275946227,0.0168859546915252,0.0131188524291143
2019-10-22,0.0251059211310764,0.0322608622182216,-0.0017590154051798,0.003081666537408,0.0053701701745936,-0.0038022859497384,-0.0023724803536304,0.0031377496719673,0.0046403795565024,0.0059066917153902
2019-10-23,-0.0187701026819904,-0.013698844358162,0.0017590154051798,0.0091884260544061,-0.0435913829947915,-0.0095694510161508,-0.0119475734211178,-0.0050251362026729,0.0046189458562944,-0.0082791720690207
2019-10-24,0.0104712998672953,-0.002301496988279,0.0104896066710193,-0.0061162270174361,0.0019960086467149998,-0.00385356931599,0.0560894666510436,-0.0094907387488034,-0.0018450189735692,-0.0023781224049672
2019-10-25,0.008298802814695,0.013730192811902001,-0.0069808311413401,0.0061162270174361,0.0061624288049673,-0.0038684767779202,-0.0068415318167169,0.0170190051695948,0.0091912411755479,-0.0011911853701529
2019-10-28,-0.002068253064059,0.0045351551653911,-0.0087951314528273,0.0060790460763822,0.0705770302340877,0.0191944472561471,0.0011435107020791,0.0277367549715998,-0.0147468110201498,-0.0011926059851230001
2019-10-29,-0.0041493835468116,0.013483350337286999,-0.003539826705124,-0.0060790460763822,0.0242646219996314,-0.0133973295718212,0.0045610113275622,-0.012848142477849,-0.016854331554982,-0.0132134054583921
2019-10-30,0.0123968529768287,0.0133039656263627,-0.0017746233583684,-0.0122700925918142,-0.037650209476951,0.0,-0.0034188067487854,0.0098040000966208,-0.0075829747244555,-0.0036341651142195
2019-10-31,-0.0397958271649432,-0.0177782460212838,-0.0035587226169939,0.0,0.0473363838622824,-0.0019286409064056,-0.0149513998529631,-0.0172205977516703,-0.0114833797777236,-0.0012143292324018
2019-11-01,0.0106270925742864,0.0199784669308864,0.0088731726804864,0.003081666537408,0.0094164327301671,0.0210131895988163,0.0296825444304764,0.0160003413464409,0.0048007773433567,0.0072639544582249
2019-11-04,0.0373487393025875,-0.0022002209096025,0.0,0.0061349885675159,0.00511510066677,0.0461762548889843,0.013408022094433,0.0151472147799127,0.0038240964384033,0.0
2019-11-05,-0.0040816383196486,-0.0066298585386694,0.0122916385115567,0.0091324835632724,-0.0262023723940236,-0.0018066852249489,0.0011092624542858,0.0101705932043771,0.0123282737329954,0.0
2019-11-06,0.0,-0.004444451760423999,0.0017436796048266,-0.0091324835632724,0.0116708389970865,-0.016408754666391998,-0.0077908017877681,0.0327898228229908,0.0018832397279653,0.0060132472234522
2019-11-07,0.0020429016298004,-0.0089486055760141,-0.0017436796048266,0.0,-0.0181937829445955,0.0,-0.0157660923386759,0.0017266191339877,-0.0018832397279653,-0.0181493185056775
2019-11-08,-0.0143887374520996,0.0044843124473286,-0.0122916385115567,-0.0030627895305459,0.0009085128270944,-0.0073801072976225,-0.0056915349997881,0.0097282598407786,-0.0037771527437451,-0.0024449889930666
2019-11-11,-0.0125001627642316,-0.0295140605131638,-0.010657294473988001,-0.0185763855729352,-0.1054412389384644,-0.0319876754933972,-0.0467374778516895,-0.0166526960483834,-0.0249055018532775,-0.0235304974101939
2019-11-12,0.0390594358365863,0.0068886609951852,-0.0053715438019108,0.0124225199985572,0.0016132288233525,-0.00575265248945,-0.0132452267500209,-0.0040615083391797,0.0352585355031798,-0.0062853758149605
2019-11-13,-0.0142134372500555,0.0,-0.0035971261808496,-0.0124225199985572,0.034264169782356,-0.00385356931599,0.0096502558321618,0.0138570346614264,-0.0122469736099732,0.0025188930194839
2019-11-14,-0.0185763855729352,-0.0068886609951852,-0.0036101122240996,0.0093313274288842,0.0715596679026342,0.0019286409064056,-0.0024038473113945,0.0079954737761971,-0.0201059908417922,-0.0012586534071963
2019-11-15,-0.0317486983145802,-0.0115876151723879,-0.0036231923694203,-0.0156009404424795,-0.0160792793669801,-0.0096806177107235,-0.0157674582527009,-0.0028481933238877,-0.0146130218456499,0.0037712175430795
2019-11-18,0.0064308903302903,-0.0046729056993926,0.0054298775943693,0.0031397200046676,0.0064261673451748,0.005819609053264,-0.0073619964410691,0.0325505729621791,0.0039177327289019,0.0025062669760593
2019-11-19,0.0042643987864576,0.0023391823531724,0.0018034269991507,0.0093604427595637,0.0147154985338415,0.0038610086574595,0.0267330621970689,0.0071527127508632,-0.1093872936951618,0.0124379712922171
2019-11-20,-0.006403437035207,-0.009389740349839,-0.0090498355199177,-0.0125001627642313,0.0018018022892629,-0.011628037995119,-0.0120628724492752,-0.0165841280155354,-0.0032769008023145,-0.0086903091919774
2019-11-21,0.0021390382487493,-0.0094787439545436,-0.0036429912785009,0.0031397200046676,-0.0106778681715447,-0.0019512201312619,-0.0036474204570433,0.0242302602968909,0.0010934938213713,-0.0087664932121822
2019-11-22,0.0,-0.0023837913552762,0.0036429912785009,0.0031298930089276,-0.0826540716206745,-0.0058766084889849,-0.0073349962115654,-0.0220030878840664,0.0065359709797854,0.0
2019-11-25,0.0459370951870257,0.0118625353098198,0.0126469617007674,0.0185763855729352,-0.0250138104139292,0.0233020252028441,0.0443984135884529,-0.0460963541340904,0.0742630710295659,0.0186921330121525
2019-11-26,-0.0040899852515252,0.002355713692459,-0.0017969456767017,-0.006153865574378,0.0379729550564342,-0.0057747994938839,0.0186051878310342,0.0121564449278617,-0.0091139871377063,-0.0061919702479209
2019-11-27,0.0020470836217247,0.0,-0.0018001805041478,-0.0030911925696729997,-0.001366520466433,-0.0096993970887133,-0.0127537960625701,-0.0133219462252971,-0.0247180452637283,0.0012414650880647
2019-11-28,-0.0227517569834159,-0.0094563352420353,-0.0018034269991507,0.0,-0.0183346683540457,-0.0019512201312619,0.0116010581827619,0.0023296457828094,-0.0221411258772135,-0.0012414650880647
2019-11-29,0.0207046733616911,-0.007151401157625,-0.0054298775943693,0.0030911925696729997,-0.0480940276985766,0.0,0.0,-0.0146501301708497,0.0010655302020383,0.0024813908513849
2019-12-02,-0.014448135747386001,0.021302580703868,-0.0036363676433837,0.0,-0.0303085613199827,0.0038986404156573,0.0205486682273874,0.0029472464599322,-0.0085562019311957,0.0037105793965359
2019-12-03,-0.0041666726948459,0.0185620178600596,0.0,-0.0030911925696729997,-0.0038809880537074,-0.0058536752514606,-0.0333172688661873,0.0,0.0021459235702767,0.0073801072976222
2019-12-04,-0.0104932757158386,0.0,-0.0054794657646257,-0.0062112000926406,0.0329361545991968,-0.0098329209162388,-0.0272367339748993,-0.0076809831101312,-0.0096931292056599,0.0097561749453647
2019-12-05,0.0021074823395648,0.0022962122603504,0.0018298266770762,0.0031104224143925,0.0337064378819107,0.0039447782910164,-0.0072289471431514,0.0211275464258751,0.0064725145056176,0.0144580831752301
2019-12-06,-0.0021074823395648,-0.0045977092486295,0.0,0.0061919702479211,-0.0066917009311113,0.0058881426252224,-0.0085003547653923,0.0040568006956145,0.0010746911297654,0.0107080142724718
2019-12-09,0.0167367923555239,-0.002306806097915,0.0054694758045354,0.0,-0.0149638950832629,0.0019550348358032,-0.0073439742557583,-0.0005785363192893,0.0212547852683231,-0.0059347355198142
2019-12-10,-0.0062435166396852,-0.0023121397583796,-0.0036429912785009,-0.0061919702479211,-0.0037243990909825,-0.0039138993211362,-0.029927420541472998,0.005770356461335999,-0.0095087879690272,-0.0059701669865037
2019-12-11,-0.0020898649194591,-0.0046403795565022,0.0036429912785009,-0.0031104224143925,-0.0156693898578996,0.0327898228229908,-0.0282432123133951,0.0074520264605149,0.0010610080570945,-0.0096270298271643
2019-12-12,0.0020898649194591,-0.0070011954589837,-0.0018198367169859,-0.0031201273362435,0.0002105484795649,-0.0038022859497384,0.0026007817000572,-0.0143804606424788,-0.0128070053563904,-0.0133903400595842
2019-12-13,0.0062435166396852,0.0046729056993926,0.0108696722369037,0.0093313274288842,0.0506931143155182,0.0373875320716203,-0.0755075525081452,0.0497277590317088,0.0159832917748112,0.0266037455179763
2019-12-16,0.0020725396019722,0.0207619914484291,-0.0018034269991507,0.006172859107081,0.0008001600746987,-0.0055197932235979,-0.0028050509276085,0.0174867843877155,0.0052714934935118,0.0177414470095955
2019-12-17,0.0123458358222992,0.0,0.0107720969819111,0.0122325684356343,0.0332347960835712,0.0110092855083694,0.0180937434426988,0.0366964865519485,0.0228700196406146,0.0174321671686712
2019-12-18,-0.0020470836217247,-0.0114811823739562,0.0017841217935015,-0.0060975798681184,-0.0093277007430043,-0.0073260400920729,0.04054609439435,0.0211839489800165,-0.0030880106885766,-0.0069364439966572
2019-12-19,0.0061287219413734,0.0,0.0017809443709946,0.0060975798681184,0.0,0.0109690313705739,-0.0066445427186687,-0.0123458358222992,0.0102565001671894,0.0046296378987422
2019-12-20,-0.0061287219413734,-0.0162983817331194,0.0017777782459993,-0.0060975798681184,0.0106807501424306,-0.0091324835632724,-0.0283994745216977,0.0,0.0030565484825486,-0.0034702174790068
2019-12-23,-0.014448135747386001,-0.011806512586988997,-0.0107143882124063,-0.0154086253528451,0.0140023386837682,-0.0203899557030493,-0.0278182054765308,-0.0278160153589981,-0.0205557083490406,0.0057770235769218
2019-12-24,0.0164952193691108,0.0,0.0017937224540269,0.0092736367853292,-0.0202027073175194,0.0037383221106073,0.0373745921967487,0.0147916061869537,0.0225882293739632,-0.0034622077284707
2019-12-25,-0.0164952193691108,-0.0023781224049672,-0.0017937224540269,-0.006172859107081,0.0294927542246119,0.0184848146741027,-0.0150584638742015,0.0345306143930077,-0.0091790547589964,0.0171924005403729
2019-12-26,0.0103413537947327,0.0071174677688639,0.0053715438019108,0.0030911925696729997,0.0047067770222404,0.0036563112031107,-0.0069204428445737,0.0025297256091389,0.0091790547589964,0.0
2019-12-27,0.0081967672041785,0.0,0.0035650661644961,0.0,0.0007510327052226,0.0198741862070834,0.0137933221323358,-0.0235184663942349,0.0141131374764644,-0.0137301928119022
2019-12-30,0.0241947285870567,0.0023612761856797,0.0035524016043677,0.0153142349730424,-0.0339792185624432,0.0403209745763386,0.0256944493747828,0.0305678410044638,0.0431016763522187,0.0057438411792523
2019-12-31,0.0,-0.0047281411959458,-0.0017746233583684,0.0210534091978322,0.0007763975545285,-0.0017196908795267,-0.0147951589167472,-0.0025119329962755,0.0123870092654345,0.0045714365325806
2020-01-02,0.0059583095836306,0.0094340322333585,0.0088417905814608,0.0264332570681555,-0.0189996901323272,0.0085690327251015,0.0027063615977431,0.0727417043684712,0.0037807228399059996,0.0169591402078261
2020-01-03,0.0039525743158235,-0.0047058910374127,0.0017590154051798,-0.011661939747842999,-0.0407643203545577,-0.0311983708558614,-0.0067796869853791,0.0051318050575197,-0.0028342012358750003,-0.0056211502704299
2020-01-06,0.0019704439872987,-0.0094787439545436,-0.0052863559231481,-0.008836581800498,-0.0176627968430382,-0.028573372444055996,0.0255218687951197,0.0252712736302949,-0.0085511209892503,-0.0079230748373269
2020-01-07,0.0156253179030807,0.0094787439545436,0.0052863559231481,0.0348872590004407,0.0156009404424795,0.0179538036165958,-0.0026560440581167,-0.0141651900163757,0.0319275945254395,0.0022701485345391
2020-01-08,-0.0275066457898336,-0.0142520227072013,-0.0088261826282722,-0.0028612322810321,-0.0091230157939263,-0.0234034083841603,0.0053050522296933,-0.0365551479001915,-0.0367100044056547,-0.0148489307413992
2020-01-09,-0.0019940186068643,0.0023894873973815,0.0017714796483823,0.0,0.0404136628826301,0.0375379193190652,-0.0013236269305081,0.0193813677238474,0.0104912741005351,0.0034462986435874
2020-01-10,-0.0100301743599373,-0.0023894873973815,-0.0017714796483823,0.0028612322810321,0.0,-0.0070422826254130004,-0.0200675630508091,-0.0089349289452203,-0.0018993358036523,-0.0022962122603504
2020-01-13,0.0020140993717012,0.0,0.0017714796483823,-0.0057306747089851,0.0200026472988468,0.0035273405179683,0.0026990569691647,0.0228821564260708,-0.0105113246826862,-0.002301496988279
2020-01-14,-0.0040322635279383,0.0,0.003533572581311,0.0085837436913913,0.0165293019512104,0.0087642979935884,0.0950651117967265,0.0009229349986008,0.0009601536983434,0.0068886609951852
2020-01-15,-0.0142423567155431,-0.0047961722634930004,-0.0088574538340611,-0.0172418064345059,0.0397027570286074,-0.0122916385115567,-0.0464033090933586,-0.0023089366064779,-0.014500012384754,-0.0115076068514796
2020-01-16,-0.0020512827705572,-0.0096619109117368,-0.0017809443709946,-0.0145987994211527,0.0410369853098395,-0.0160288382758988,0.0076726719116599,-0.0238607811269067,-0.0127390257774298,-0.0139862419747398
2020-01-17,-0.0061792163659581,-0.0073081933067247,0.0,0.0232568621642672,0.0169346082618968,-0.0035971261808496,0.005082603063466,-0.0162294731669794,-0.0049431637975194,0.0
2020-01-20,0.0082304991365154,0.0,0.0017809443709946,0.0028694424279529,0.0218001712904651,-0.0311095535846499,-0.0166138006626557,0.0396278265399807,0.0108428859247076,0.0046838493124261
2020-01-21,-0.014448135747386001,-0.0123002780816516,-0.0089366099664069,-0.0173414750364873,-0.0013700978337807,-0.0301909722791458,-0.0261111440036856,-0.0219789067187754,-0.0228071363164783,-0.0200596696745356
2020-01-22,-0.00835077921742,-0.0049627893421291,-0.0054005531800003,-0.0058479698824231,0.0452338418241486,0.0114286958236229,-0.022743455231331,0.0122181971093047,-0.0010035123772400001,0.0011911853701529
2020-01-23,-0.0211872332194438,-0.0150378773645403,-0.0127158843253025,-0.0237399873030728,-0.0409585039737461,-0.0346855579878901,-0.04994102913753701,-0.0621437573700527,-0.028515170308021,-0.0168071183163811
2020-02-03,-0.1060745463914831,-0.0438780061720542,-0.0680792122182767,-0.0944096844710749,-0.0347257113738299,-0.1053605156578263,-0.1048864696664886,-0.1052500733362165,-0.1055901104240741,-0.1058987288032189
2020-02-04,0.0141846349919563,0.0286105340412656,0.0174592213717685,0.0196084713883764,-0.0085167299748771,-0.0354804400154094,-0.0585533087515741,0.0615661344746572,0.0136832237514572,-0.0013468015503788
2020-02-05,0.0093458624182376,0.0,0.0,0.0064516352814887,-0.0381379068697902,0.0289230394692503,0.0149628726767123,0.0180092338382755,0.0112613802725389,0.0053763570363805
2020-02-06,0.0138570346614264,0.0102041701742419,0.0076628727455692,0.0802900181731276,0.0413401867811749,0.0302398851897183,0.0292703823001132,0.0181915072194689,0.0155558692386374,0.0013395849290565
2020-02-07,-0.0138570346614264,0.0,0.0019065782705816,-0.0089419373756614,-0.0170178759909989,0.0042462908814508,-0.0048192864359488,0.0158970064099994,-0.0088594156435162,-0.006715941965436999
2020-02-10,0.0138570346614264,-0.0050890695074714,-0.0038167985267008,0.0119049025063182,0.0608052739712032,-0.0042462908814508,0.0425596144187958,-0.0004929751147408,0.029591200174558997,0.0093897403498393
2020-02-11,0.0068571697261368,-0.0025542798050965,0.0057197486727869,-0.0059347355198144,-0.0020422062917981,0.0231345754016567,-0.0015444018513741,-0.017409044498279,0.0010793309196754,0.0026666682469151
2020-02-12,0.0045454623716747,-0.0025608208616738,0.0037950709685516,0.0,0.0052671942350261,0.0062176366108706,0.0349314178841113,0.0223278935698751,0.0032310205814467,0.0
2020-02-13,-0.0091116803512558,-0.023347363996991003,-0.0076045993852194,-0.0119761910467157,-0.0088511216141426,-0.0124741742251757,0.0103935605272631,-0.0208237569112608,-0.0140771138908371,-0.0120564085967544
2020-02-14,0.0022857152808559,0.0104439591610832,0.0076045993852194,-0.0060423144559624,0.0428374011017789,0.0124741742251757,-0.0163816023718859,-0.0055262637501183,0.0065217622463875,0.0026917916657116
2020-02-17,0.0181000416436178,0.0231075750101497,0.0112995552539332,0.0180185055026782,0.0432759834818226,0.0163938097756763,0.023739987303072998,0.0448240511644884,0.0235556929908904,0.0133513331748642
2020-02-18,-0.0022446698538238,0.0101010959865037,-0.0056338177182559,-0.0029806281381377,-0.0135820154831236,-0.0020345886977874,0.0087591800898814,-0.0009638554963067,-0.0138521128081512,-0.0053191614776002
2020-02-19,0.0133930573364382,-0.0177444452990718,0.0018814680997056,0.0,-0.0049414303146759,0.0081136347741697,0.0300666885987839,0.0214651694788265,-0.0043010818993907,0.0237165266173162
2020-02-20,0.0110254700117076,0.0051020518838953,0.0056232575543619,0.0235999153408734,-0.0157838677012618,0.0239532410224929,0.0236944882926686,0.005647073830318,0.013911406799178998,0.007782140442055
2020-02-21,0.0,-0.0102302682508148,0.0037313476128582,-0.0087848295557328,0.0001623244870048,-0.0099108838994541,0.0497080164596608,0.0359485713215002,0.0031830265601207,-0.0012928250023054
2020-02-24,-0.0154699217721316,-0.0103360093306621,-0.0112360732669258,-0.0029455102297566,0.0071163166241365,-0.034451228754246,0.0181823190831904,0.0134894131786373,-0.0138668888684332,-0.0117112594209016
2020-02-25,-0.0248039773658081,-0.0157071292053578,-0.0056657375356772,-0.0178576174000064,-0.0008061266055241,-0.0187310367060631,-0.0287226011186225,-0.0175719772523472,-0.0173352120015457,-0.0145025613666267
2020-02-26,0.0203396842371226,0.0104987840982198,0.0056657375356772,0.0440599897940303,-0.0221796437109755,-0.0063224657394869,-0.0377912717155055,-0.0484265939054746,0.0108696722369039,0.0118813278867526
2020-02-27,-0.0022396425935047,-0.0104987840982198,0.0,-0.0028776998276149,0.0044426235142767,0.0,0.0068540364277922,0.0009537435153097,-0.0021645030095731,0.002621233479874
2020-02-28,-0.0342108619163163,-0.0267395610418992,-0.0209332096664658,0.0028776998276149,-0.0546602572210712,-0.0409981904505851,-0.0885028015762996,-0.0793279965055311,-0.0397842521932729,-0.0319176029683045
2020-03-02,0.0297164723284772,0.0187924993493673,0.0171596202828263,0.0958325094061718,0.0686807020804867,0.0217873541849074,0.0480791794256529,0.0354826883609082,0.0548382999288428,0.024033199444156002
2020-03-03,0.004494389587839001,0.0079470616925318,0.0056550574833451,0.0409264277092173,0.0104679271348251,0.0043010818993907,-0.0057061495768544,-0.0150529686289622,-0.0021367529497351,0.0
2020-03-04,0.0067039357221903,0.0183011643824044,0.0037523496185503,-0.0050251362026729,0.0299848880280775,0.014909754366286998,0.0057061495768544,-0.0116960397631911,0.0148622693212407,0.0104987840982198
2020-03-05,0.0176605031519503,0.0205135398331031,0.0093197319488023,0.0100251466193785,0.0604782839219764,0.0188487255586673,0.0238943201994361,0.024754989785288995,0.0249752835760772,0.0142581806270558
2020-03-06,-0.0176605031519503,-0.0102041701742419,-0.0093197319488023,-0.04854081869999401,0.0039436259391525,-0.0209651284650451,-0.0139862419747398,-0.0171116404727214,-0.0281415131341264,-0.011650617219974999
2020-03-09,-0.0293806443932198,-0.0312525435041044,-0.0112995552539332,-0.037337670437644,-0.0386377927054146,0.0147216118253599,-0.0461176820949655,-0.0462299924310034,-0.036602578977547005,-0.0210534091978327
2020-03-10,0.0181823190831904,0.0235304974101941,0.0131704631897449,0.0188430878014798,-0.0057742144934698,0.0062435166396852,-0.0014760150281205,0.0360258222567617,0.0249065392143554,0.0092654534457903
2020-03-11,-0.0136056520557787,-0.0156253179030807,-0.0131704631897449,-0.0215641779158406,-0.0552955821561536,0.0103200090319894,-0.0163816023718859,-0.0196795579464454,-0.0183491386681966,-0.0119285708652738
2020-03-12,-0.0091743762760412,-0.0158733491562901,0.0,-0.0137176362287991,-0.016073079199251997,-0.0355314283784855,-0.0367013668504279,-0.0275733269040996,-0.007654493360531999,-0.0093771618125968
2020-03-13,-0.0162605208717805,-0.0161293819298837,-0.0056980211146377,-0.013908430046132,-0.0068977116972179,-0.0171678036223654,-0.0220481372217624,-0.021739986636406,-0.0121481339356472,-0.0190223127091009
2020-03-16,-0.014151179546242999,-0.019152432214756,-0.0114943794257351,-0.0141046061815419,-0.1053971383162695,-0.0307716586667536,-0.0389659685333838,-0.0682082500265335,-0.0190695627203507,-0.0207907696690738
2020-03-17,-0.0047619137602434,-0.013908430046132,0.0019249284095843,0.0896121586896872,-0.0359811392889817,-0.022574322038538996,-0.0234516610350496,0.0122772661672319,-0.0056786069688437,-0.0212322201057739
2020-03-18,-0.0168475705726114,-0.0169495583137733,-0.0155041865359653,-0.0316649146439687,-0.0185846904669504,-0.0277795641070757,-0.01882005932677,-0.0069971130959487,-0.0242086750373364,-0.0158619043004668
2020-03-19,-0.0146701897477938,-0.0172418064345059,-0.0197245053477785,0.0026773777707165,-0.013629494473295,-0.03828218657101699,0.0051679701584426,0.0150990092653691,-0.0093787322864327,-0.0190761470608136
2020-03-20,0.0098040000966208,0.0369885693693405,0.0138478968587936,0.023779191766113997,0.0325937636124815,0.016929062100448002,0.0,-0.0040427430169587,0.0082111898303947,0.0103169669709322
2020-03-23,-0.0221957323917842,-0.0056022555486698,-0.0138478968587936,-0.023779191766113997,-0.0766802456482604,-0.0341496598521184,-0.0638514719865328,-0.0657738517455639,-0.0296405812862938,-0.0029368596733096
2020-03-24,0.0074534506545809,0.0222231367847103,0.0138478968587936,0.0079893900334786,0.0240877955290899,0.0147785940961187,0.0145457110023787,0.0232142373267678,0.0131502193868784,0.0361050046421163
2020-03-25,0.0098522964430116,0.0082079804178294,0.0058766084889849,0.0026490081715768,0.0953101798043252,0.0500700526448063,0.0337210299674559,0.0215062052209638,0.0176579043554534,0.0028328630843039
2020-03-26,-0.0098522964430116,-0.0109590137897195,0.0,-0.013315775975772,0.0496555904458606,-0.0070011954589837,-0.0105264129869875,-0.0239245860852452,-0.0023364496610196,-0.021444710278903
2020-03-27,0.0024721891453891,0.0027510333718899996,0.007782140442055,0.013315775975772,0.000518896491795,-0.014151179546242999,0.0140107370695983,0.0006051437401008,0.0093132221466678,0.021444710278903
2020-03-30,-0.0149256502166756,0.0054794657646255,0.0115608224010759,0.0105264129869875,-0.0177953056010915,-0.0167668598570671,-0.0175443096509093,-0.0201656695945948,0.0069284341819639,-0.0171188203317804
2020-03-31,0.0,-0.0054794657646255,-0.0115608224010759,0.0078227256812091,0.0434027137015169,-0.0024183808642814,0.0483686678512842,-0.0018535686493224,-0.0057703564613365,-0.0028818463748889
2020-04-01,-0.0100756519887414,-0.0222231367847103,0.0,0.0077620053354892,-0.0110161269957709,0.0,-0.0135825517658689,0.0110702237542468,-0.0139862419747398,-0.0086957069675539
2020-04-02,0.0125787822068599,0.0139472274808505,0.0096432762718041,0.0153455696746604,0.0020429016297995,0.0096386288377687,0.0051151006667704,0.038397038340578,0.0116687438343769,0.0058055315453207
2020-04-03,-0.0125787822068599,-0.0027739268827253,-0.0077071672449378,-0.007643349312568001,0.0005100739717835,-0.0096386288377687,0.0016992357529597,-0.0142266774127652,-0.0081538017269324,0.0043321367391344
2020-04-07,0.0125787822068599,0.0137933221323358,0.0077071672449378,0.0,0.0345812458394867,0.0168071183163813,0.0333920840583104,0.0195099300893484,0.0139375078437815,0.0100359265277856
2020-04-08,0.0,0.0081855845864395,-0.0038461585874782,0.0025542798050965,-0.0291565842914556,0.0165293019512102,-0.0016433857437299,-0.0076403545339647,0.0011527378798081,-0.0014275519911854
2020-04-09,0.0,-0.0081855845864395,-0.0038610086574595,-0.0232268506098163,0.0662277107284161,0.0023391823531724,-0.009917436657346,0.0023571018573815,-0.0011527378798081,0.0056980211146377
2020-04-10,-0.0100503358535013,-0.0027434859457506,0.0019323677510538,0.0181117499430458,-0.0303613393782153,-0.0046838493124263,-0.0116960397631913,-0.0292645547773058,-0.0092700547962865,-0.0128665105932501
2020-04-13,-0.0050633019565466,-0.0110498361865851,-0.0019323677510538,-0.0025673955052456,0.0303613393782153,-0.018957913744614,-0.03767568883089,-0.0232996438280523,0.0,-0.007220247973487
2020-04-14,0.0101010959865037,0.0,0.0038610086574595,0.0076824961720161,0.0372713947972318,0.007151401157625,0.0017436796048266,0.0299441865467211,0.0115742032811367,0.0057803629154993
2020-04-15,-0.0101010959865037,-0.0139862419747398,-0.0019286409064056,-0.0076824961720161,-0.0088807810742848,0.0094563352420353,0.0034782643763249,-0.0018077739180548,-0.0092486208376616,-0.0043321367391344
2020-04-16,0.0,0.0056179923042232,0.00385356931599,-0.0077419741536155,-0.0004615029695012,-0.0070838548884049,-0.008718451039881002,0.0131817367020645,-0.0011621151801772,-0.0014482261763648
2020-04-17,0.0025348556031881,-0.0112677248463421,-0.0019249284095843,0.0025873235649509,-0.0091197787959496,0.0094340322333585,0.0,0.0011897681355885,0.0023228814161395,0.0115275051710674
2020-04-20,-0.0025348556031881,0.0056497325421189,-0.0038610086574595,0.0179262162681521,0.0374872478816445,-0.0070671672230924,0.0121846590163672,0.0124078401297951,0.0,0.025461064198272997
2020-04-21,-0.0153455696746604,-0.0141846349919563,-0.0077670293376594,-0.007643349312568001,-0.0090144841202031,-0.0190936588155796,0.0086133176781149,-0.0346510174632159,-0.0270445641964864,-0.0225998319172411
2020-04-22,0.0025740039951729,0.011363758650315001,0.0019474202843954,-0.0025608208616738,-0.0086396899673681,0.0190936588155796,-0.0051590828100274,0.0036407807206555,0.0059417881287506,-0.0014295928095942
2020-04-23,-0.0077419741536155,0.0056338177182559,0.0,-0.0077220460939102,-0.0030492476744194,-0.0047393453638966,0.0102916860365476,-0.0109623509496628,-0.0083284241064816,0.0014295928095942
2020-04-24,-0.0025940351770465,-0.0028129413766146,0.0,-0.0103897038491356,-0.0152322354282352,-0.0191852407213486,-0.0507545496497285,-0.0104648538894243,-0.0132292969684972,-0.0100503358535013
2020-04-27,-0.0026007817000572,0.0028129413766146,0.0019436352085711,-0.0078637364602147,0.0332398340808666,-0.0072904332626793,-0.1059591388424192,0.0536111506365761,0.0,0.0200006667066694
2020-04-28,-0.0210534091978324,-0.016997576368571,0.0,-0.0293746086799042,0.0458722080997171,0.0024360547978812,-0.1051387615821863,-0.0388688688993728,-0.0085106896679088,-0.0056737740859078
2020-04-29,0.0,0.0028530689824062,0.0058083415957468,0.0054054185669081,-0.0703136524754173,0.0120920457650286,-0.0384228054022735,-0.0079584135992063,-0.0048959706122064,0.0155260705289195
2020-04-30,0.0158314652166806,0.01133156600955,0.0,0.0265973125192657,-0.0153313107467889,0.0515336501151828,0.0,0.0362139753269303,0.0170320418944318,0.0083682496705166
2020-05-06,0.0026143805740710003,0.0028129413766146,-0.0096993970887133,0.0386148361277796,0.0063778702621819,-0.0230957147946493,-0.0520211847508784,0.0297832232793688,0.0048134870315479,-0.0041753714104806
2020-05-07,-0.0104987840982198,-0.0028129413766146,-0.0019512201312619,-0.0101523714640181,0.0024779321955809997,-0.0164903618994154,-0.0523157893641605,-0.0104107360178384,-0.0036079413761989,-0.0069979291876445
2020-05-08,0.0052631700442746,0.0028129413766146,0.0038986404156573,0.0,-0.0038744721075589,0.0071006215495763,-0.0525054973779306,0.0092593254127968,0.0095923996914395,0.0014035090023201
2020-05-11,0.002621233479874,0.0139472274808505,0.0019436352085711,0.0050890695074714,-0.0286678948695717,0.0070505579966666,0.0186921330121523,-0.002306806097915,-0.0023894873973815,-0.0042164503789348
2020-05-12,-0.0105264129869875,-0.0055555698446021,-0.0038910554929665,-0.0050890695074714,0.017738824337381002,-0.0117786991926125,-0.0460162372867065,-0.0040497596569202,-0.003594970917859,-0.0070671672230924
2020-05-13,-0.0026490081715768,0.0027816429618767,0.0,0.0151901654939752,0.0342573230230991,-0.0047506027585977,0.0110193952496104,-0.0104896066710198,-0.0012012013456339,0.0
2020-05-14,-0.0026560440581162,0.0,-0.0019512201312619,0.0075094220221314,-0.0163649748387637,-0.0143887374520998,0.0481376355981546,-0.0117856402484721,-0.0120920457650286,-0.0215062052209635
2020-05-15,-0.0026631174194835,-0.0083682496705166,0.0019512201312619,0.00992563979997,-0.0211944975800939,-0.0048426244757877,0.0484170994383748,0.0064992843253244,0.0,-0.0043573053689558
2020-05-18,0.0053191614775998,0.0027972046210613,0.0019474202843954,0.0339838528155986,0.0470711316587619,0.0,0.0485532254169909,-0.0329272488340244,0.0120920457650286,0.0014545457109942
2020-05-19,0.0105541876786903,0.0027894020875784,0.0,-0.0144233269611051,-0.0107259884723065,0.0216094843328549,0.0485644560091238,0.0151014648814236,0.0190481949706944,0.0057971176843261
2020-05-20,-0.0026281224062696,-0.0083916576362483,0.0019436352085711,-0.0146344075184376,0.0069623408230024,-0.0240396191861467,0.0311136208490689,-0.0120628724492748,0.0,-0.0116280379951192
2020-05-21,-0.0132452267500204,-0.0056338177182559,-0.0038910554929665,-0.0024600258408624,-0.0024161896381702,0.0,0.0491027130077319,-0.0165191887337408,0.0011785505194441,-0.0147278067102434
2020-05-22,-0.0161293819298837,-0.0142249909313472,-0.0117648415795863,-0.022416878914542002,-0.0701382850956422,-0.0048780584534329,0.0307716586667536,-0.0037082860789192,-0.0202267454901385,-0.0059523985272951
2020-05-25,0.0027063615977431,0.0028612322810321,0.0039370129593394,0.0025157245972471,-0.0074882329397238,-0.00244798163864,-0.0142423567155431,-0.0482021018178775,0.0107592191517391,-0.0044876664693882
2020-05-26,0.0080754140055452,0.0056980211146375,-0.0019665689720407,-0.0025157245972471,0.0854578833613137,0.0048899852941917,-0.0375827111490427,0.0109855708994577,0.0,0.0059790910560582
2020-05-27,0.0264565695368306,-0.0028449521322313,0.0058881426252224,-0.0101266688179293,-0.0451065878377461,0.0145281005629098,0.0498028224838182,-0.0293467424655977,0.0106446895114142,0.0
2020-05-28,0.0026075634070807,0.0028449521322313,0.0097371752778583,0.0,0.0121667387598787,-0.004819286435949,0.0474397250715603,-0.0166837369950347,-0.0011771631730148,0.0118519905870142
2020-05-29,-0.0131063475053005,0.0196912128901818,-0.0097371752778583,0.0025412974286727,0.0748054033106679,0.004819286435949,0.0489740045964597,0.0013449901153328,-0.0047225589541737,-0.0029498546464209996
2020-06-01,0.0104987840982198,0.0328796741191563,0.0077973104600317,0.0250639686632161,0.0693284982731192,0.011947573421118001,0.0484399628000675,0.0954323619780974,0.0117648415795867,0.0088235866585151
2020-06-02,0.0078023802841846,0.0026917916657114,0.0058083415957468,0.0049382816405825,-0.0080862974313573,0.0023724803536304,0.04954044556013599,0.0389387317621845,0.021978906718775,0.0014630580517602
2020-06-03,0.0025873235649509,-0.0080972102326195,0.0019286409064056,-0.0049382816405825,0.0361453113183465,0.0047281411959458,0.0487901641694319,-0.0100384663468573,-0.0149858712278048,0.0029197101033349
2020-06-04,-0.0051813587419975,-0.0054347959859568,-0.0057971176843258,0.0,0.0165678136041993,-0.0023612761856797,0.04954573655143,-0.0065495917370417,0.0023201866556976,0.0101523714640179
2020-06-05,-0.0052083451071379995,0.0027210901143608,0.0,0.0073983074814449,-0.0078613717579223,0.0618754037180875,-0.0511342992365677,0.0065495917370417,-0.0058105915954658,-0.0072411612565597
2020-06-08,0.0026075634070807,0.0054200674693392,-0.0038835000263977,0.0,-0.0168312408324489,0.0110498361865849,-0.0505405027498087,0.0418422454006353,0.0138891121606667,-0.0029112102074582
2020-06-09,0.0051948168771038,0.0026990569691649,0.0019436352085711,-0.0049261183360558,0.0305802527900089,0.0217399866364058,0.0345145187339643,0.0096290746824272,0.0091533819864872,-0.0014587894636601
2020-06-10,-0.0078023802841846,-0.0081191244385041,-0.0038910554929665,0.0,0.0015302221807678,-0.035014517845102004,-0.04798273578483099,-0.0090600846244024,-0.0103034683697242,-0.008797710703529
2020-06-11,-0.0131407935610585,-0.0219789067187754,-0.0058651194523982,-0.0024721891453891,-0.0102459912740382,-0.0270896926466641,-0.0102215540715382,-0.0253469790873972,-0.0080878546016993,-0.0088757979139681
2020-06-12,-0.0079681696491766,0.008298802814695,0.0,-0.009950330853168002,0.0827325827131231,-0.016147986407982,-0.0295416791004747,0.04506037444740799,0.0034742362681865,-0.002976192673045999
2020-06-15,-0.0053476063265953,-0.008298802814695,-0.0058997221271881,0.007472014838701,-0.0140830588690299,-0.0187798946515962,-0.050643732818755,-0.0271356389686054,-0.0104591307901373,-0.010486987495248
2020-06-16,0.0106667678041951,0.008298802814695,0.0058997221271881,0.002478316014467,0.0047961722634930004,0.0164516048920051,0.0165597160390185,0.0475614111989393,0.0116145324206931,0.0045078964391898
2020-06-17,0.0157898017326354,0.0109590137897195,0.0,-0.002478316014467,0.0300464428832825,-0.0046729056993926,-0.0258794479878208,0.0059929353976109,0.0,-0.0030030052597693
2020-06-18,0.025774622688615002,-0.0027285146532038,0.0019588644853329997,-0.007472014838701,-0.0340016227262101,0.0046729056993926,0.0148701624794513,0.0304917979367953,0.0329388097124203,0.0089820963158275
2020-06-19,-0.0102302682508148,-0.0418471099355006,0.0058536752514606,-0.0050125418235442,0.0550211756728451,0.0046511711757306,0.0486144326866848,-0.0021097054238494,-0.0056022555486698,0.0089021359405931
2020-06-22,-0.0051546505886646,0.0028449521322313,-0.0038986404156573,-0.0101010959865037,0.0002272985576334,-0.0116687438343772,0.0311443857017654,0.0188290081529074,-0.0022497197340154,-0.0074129323891254
2020-06-23,-0.0051813587419975,0.0028368813351997,-0.0058766084889849,-0.0179262162681521,0.0368139731227161,-0.0047058910374127,-0.0102740629761854,-0.0146140387935953,-0.0079141170559906,-0.0074682946075259
2020-06-24,0.0,0.0334292966491946,0.0058766084889849,0.0051546505886646,-0.0189070809914362,0.002355713692459,-0.001722653311446,0.0036735806204117,-0.0011357184639271,0.0089552837291042
2020-06-29,-0.0209981468397735,0.034996842037096,0.0,-0.0207799684917453,0.0750244273693399,-0.0142182490022788,0.0487901641694319,-0.0020975361649462,-0.0183491386681966,-0.0074571561080822
2020-06-30,0.0079260652724206,0.0026420094628387,0.0019512201312619,0.002621233479874,0.0187726700793806,0.0071343941138739,0.0480861866676378,0.0083638752077552,0.0137933221323356,0.0074571561080822
2020-07-01,0.0234080908980149,-0.0026420094628387,0.0058309203107931,0.0052219439811518,-0.0122700925918142,0.0070838548884049,-0.0237540860081071,0.0442933180430631,0.0192204899401078,0.0205889625776214
2020-07-02,0.0253820732714171,0.0261111440036858,0.0210937830597994,0.0206192872027355,-0.0333695518759338,0.0392207131532813,0.0158985860677982,-0.0100100935951004,0.0373669846893558,0.0115775533424429
2020-07-03,0.0344861760711692,-0.0051679701584426,0.0150661983546442,0.0202027073175194,0.0953005096064245,0.0045146803545268,-0.0191088616980465,0.0060180723255629,0.0412102686466631,0.0959639882617435
2020-07-06,0.0746266892052074,0.0306146358196068,0.0580925568317456,0.0368139731227163,-0.0201217962988744,0.0569081322718794,0.0016064260482737,0.0207825391825289,0.0833816089390508,0.0546862246945596
2020-07-07,-0.0530689681302283,-0.0203052661607456,-0.003533572581311,-0.0024125464053841,-0.0126100067393535,-0.0193346517074557,-0.0080580613297622,-0.0098425991441946,-0.0885710341812764,-0.0442830099336735
2020-07-08,0.0187798946515962,0.0402064204780405,0.0017683470567417,0.0024125464053841,-0.0048077015681036,0.0278092786984278,-0.0081235215214794,0.0078818142022534,0.0134368946722425,0.0077319972833262
2020-07-09,0.0207142043875632,0.0,-0.0142351158218718,0.014354313451683,0.0159365922628129,0.0042105325363435,0.0065040879691764,0.0953993898494354,0.0353037167110739,-0.0103226723074185
2020-07-10,-0.0394940990391594,-0.0300022503037986,-0.0290929609416648,-0.014354313451683,0.0181155504831025,-0.0276908001451858,0.0490216724468868,-0.041900482510397,-0.0477005696879024,-0.0276151670329736
2020-07-13,0.0187798946515962,0.020101179321086998,0.0036832454162964,0.0493637231183361,0.0234966455796534,0.0107412418314125,0.0452565915881209,0.0342890734786323,0.0486911591695986,0.0092900469070928
2020-07-14,-0.0046620131058112,0.0123610968235741,-0.0783590767562034,-0.0092166551049241,-0.0239819646864853,-0.0172418064345061,-0.0014760150281205,-0.0282607686472817,0.0118111609283446,-0.0039708854294926
2020-07-15,-0.0236417630570404,-0.0123610968235741,-0.0140142433748118,0.0023121397583796,-0.0100503358535011,0.0065005646030935,-0.033036037277023,-0.0487901641694321,-0.0308022364336619,-0.0350913198112703
2020-07-16,-0.0217662764819546,-0.0406147191541901,-0.0101317989304068,-0.0210042727705321,0.0271842616039386,-0.0329338216712489,-0.0200469319452907,-0.0411254386130099,-0.0454154411439096,-0.0124396904756391
2020-07-17,-0.0147785940961187,0.0051679701584426,-0.0040816383196486,0.0117234636960592,0.0726890290280986,-0.0157483569681391,0.0108444130141287,0.0130655124952014,-0.025669858683226,-0.0083799373067507
2020-07-20,0.041318149330731004,0.0279560772665901,0.0142134372500555,0.027587956518829,-0.0579104349319798,0.0378243086673388,0.0137722146212273,0.0014966328560626,0.0444988668361339,0.0262990935470155
2020-07-21,-0.0071684894786125,-0.0075472056353829,-0.0060667526822373,-0.013698844358162,0.021398155734194,0.0,0.0180727810596945,0.0226722377687793,-0.0209431738452434,-0.0082304991365154
2020-07-22,-0.0024009615375382,-0.0076045993852194,-0.0040650462481695,-0.0092379409849363,0.0077935570749474,0.0130153681120703,0.0495006437730305,0.0193056188941533,0.0,-0.0013783599701213
2020-07-23,0.0143200537747485,-0.020566277581477003,-0.0102355038940267,0.0138251049918425,0.0591353301911521,-0.0108343421657102,0.0485195647901595,-0.00960622180544,-0.0106383982050557,-0.0152886925150903
2020-07-24,-0.0361921285934168,-0.0316649146439687,-0.0186921330121527,-0.016147986407982,-0.0454383497641517,-0.0377403279828469,-0.0205065285624854,-0.0560801854348329,-0.0271019297777912,-0.0141046061815419
2020-07-27,0.0,0.0106667678041951,-0.0020986366569211,-0.0023282897595910002,-0.0285107030408049,-0.0113766869821079,0.04852704089466,0.0560801854348329,0.0054794657646257,-0.0028449521322313
2020-07-28,0.0097800290536396,0.0026490081715768,0.0,-0.0023337233462201,0.0281502777350475,0.0,0.0078637364602149,0.006734032181344,0.0076211582810725,0.0099221225063164
2020-07-29,0.0096853057344636,0.0052770571008438,0.0083682496705166,0.0093023926623134,0.0142277913461645,0.0113766869821079,0.0206725708047197,0.0189939233411755,0.0054083420092609,0.0084270161618802
2020-07-30,0.0024067400305649,-0.0079260652724206,-0.0062696130135955,-0.0069686693160933,-0.0396935037105432,-0.0068104690025267,0.048668368907117,-0.0047147659237030005,-0.0075798955227690005,-0.0013995803544233
2020-07-31,-0.0072376673002305,0.0131754211585644,-0.0020986366569211,0.0023282897595910002,-0.0304106024723784,0.0045454623716747,0.0036474204570433,0.0061248719152890005,0.0,0.0027972046210613
2020-08-03,0.0072376673002305,0.0026143805740710003,0.0020986366569211,0.0069525193148818,0.0020944409788894,0.026847250036188,0.0012128564252091,0.0135294809246007,0.0183096121953361,0.0124914878940289
2020-08-04,-0.0024067400305649,-0.0104987840982198,0.0104276231622593,-0.0023121397583796,0.0028490047760749,0.0066006840313519,-0.0320224405684061,-0.0253415719604794,-0.0010678057608299,0.0055020771539835
2020-08-05,-0.0096853057344636,0.0,-0.0083333815591444,-0.0069686693160933,0.0043527699307936,-0.0088106296821548,0.0087227967403538,-0.010991747463966,-0.0107412418314125,-0.0055020771539835
2020-08-06,0.0,-0.0106101791120154,0.0,0.0046511711757306,-0.0005666792747032,0.0022099456508029,-0.0062227954382692,-0.0292561089900131,-0.0065005646030935,-0.0097020858064504
2020-08-07,-0.0147061473896954,0.0263173083173733,-0.004192878260035999,-0.0046511711757306,-0.0703434017752817,0.0175059175136145,0.0487307129045886,0.0952651965605753,-0.0153343640001066,-0.0041870263542165
2020-08-10,0.0122700925918142,-0.0026007817000572,0.004192878260035999,0.0719411240686316,-0.0017245756239816,-0.0021715535135079997,0.0361977639360318,0.0318752085304487,0.0066006840313521,0.0069686693160933
2020-08-11,-0.0098040000966208,-0.0078431774610259,-0.0020942416031148,-0.0466233160843416,-0.0021344725286320003,-0.0043573053689556,-0.0126949194812491,-0.0233645188625399,-0.0132452267500204,-0.0055710450494552
2020-08-12,-0.0024660924951933,0.0104439591610832,0.0,-0.0114286958236229,-0.041339358013567,0.0716095323781231,-0.0034904049397681,-0.0031270965844361,-0.0044543503493805,0.0083449719321804
2020-08-13,0.0098280889362625,0.0025940351770465,-0.0020986366569211,-0.0115608224010759,-0.0234976746392678,0.0,-0.0152674721307888,-0.0004475274185233,0.0099945307249957,0.0110193952496107
2020-08-14,0.0024420036555516,0.0154244703256316,0.0062827431794951,-0.0046620131058112,0.0126222076020381,-0.0081633106391609,0.0233928795747058,0.0695895302158695,0.0088009368950423,0.0
2020-08-17,0.016929062100448002,0.0101523714640181,0.0145080264895787,0.0069848945219508,0.0059854817430382,0.0081633106391609,0.0,-0.0206714806315946,0.0216693202523754,0.012253386805765
2020-08-18,0.0119190922372103,0.0050377940299569995,-0.0082645098498934,0.0115341532452868,0.0194180858571018,-0.0143298255548249,-0.0174931574475172,0.0080662717126123,0.0042780813910781,-0.0013540963477294
2020-08-19,-0.0023724803536304,0.0394139685408765,-0.0062435166396852,0.0136676387286636,-0.0281947664063713,0.0082135985373887,-0.038374012881615,0.0033769555097302,0.005321992337941,0.0067522201172867
2020-08-20,-0.0216094843328549,-0.031904546518745,-0.0041841065225740005,-0.0228842938335878,-0.0057139932297819995,0.0142134372500555,-0.0024479816386402,-0.0356031598874779,-0.0160517090105081,-0.0026954194216721
2020-08-21,0.0024242436115062,0.0074534506545809,0.0,-0.0069686693160933,0.0454431525948288,0.0375909739388087,0.0085418457129629,-0.0017482521935296,-0.0010793309196754,-0.0094915966815714
2020-08-24,-0.0024242436115062,-0.0124534610712865,-0.0020986366569211,-0.0070175726586465,-0.0186667915604568,-0.0176302313762706,-0.0097680874362069,0.0519929620739558,-0.0054141983908726,-0.0417306724564732
2020-08-25,-0.0122101639069314,0.0074906717291574,0.0020986366569211,-0.0070671672230924,0.0354687440405792,0.013739175883303999,-0.0173271661725036,-0.0218312616572342,-0.0142156576540135,0.0042523097385303
2020-08-26,-0.0049261183360558,-0.0100000833345832,-0.0042016868536998,-0.0287789645500433,0.0473232174063422,-0.0256677467485779,-0.0163628572104799,-0.0055331062636816,-0.0055218251843078,-0.0056737740859078
2020-08-27,0.0024660924951933,0.0149628726767123,0.0,0.0636256958802115,0.0235575386887072,-0.0161293819298835,-0.0089229400181931,-0.0263799080857749,0.0088203438429728,0.0028409110016038
2020-08-28,0.012240054894502,0.0024721891453891,0.0042016868536998,0.0068259650703998,0.0393444696734066,0.0141273792592107,0.0063816425895204,0.0048087524358835,0.0120023262966357,0.0084746269909721
2020-08-31,-0.0048780584534329,0.0049261183360558,-0.008421102396408,0.0378243086673388,0.0018181823190577,0.0119523335238409,0.0423475478290922,-0.0030574385031485,0.0064865092296066,-0.0070571923099989
2020-09-01,0.0048780584534329,-0.0024600258408624,-0.0021164029063778,-0.0243105895006161,0.0056154481407251,-0.0119523335238409,-0.013505423199807,0.0151945619196811,0.0096515494522213,0.0028288562004779
2020-09-02,-0.0024360547978812,0.0170944333593001,-0.0063762171392758,-0.0044843124473286,0.0025257094429749,-0.0182007046468464,0.0244212380768029,0.0267816219108034,-0.010729716672566999,-0.0042462908814511
2020-09-03,0.0024360547978812,0.0,-0.0042735107773821,0.0022446698538238,0.0175920954265036,0.0,-0.0133578185325475,-0.0450429989395559,0.0064516352814889,-0.0042643987864576
2020-09-04,-0.0048780584534329,-0.009732436918230999,-0.0042918520815409,0.0,-0.0496314491711205,0.0202027073175192,0.0085210497319336,-0.0128065340472187,-0.015119078491657,-0.0071479932652871
2020-09-07,-0.0098280889362625,-0.0098280889362625,-0.0043103515011222,-0.0112740765732179,-0.0535970475815235,0.017839918128331002,-0.002427185657611,-0.0320641602538458,0.001087547687399,-0.0014357504261042
2020-09-08,0.021978906718775,0.0339838528155986,0.0043103515011222,0.0157483569681391,0.0020589251844258,0.0155948579579063,0.0084695001135739,0.0141264595671786,0.0193762789631386,0.0142655771588222
2020-09-09,0.0024125464053841,0.0,-0.0043103515011222,0.0066741070876932,-0.0308328750360296,0.0191576740329331,-0.001205545655349,-0.0411048399471156,-0.0074906717291574,0.0
2020-09-10,-0.0072551708811718,-0.0047846981233363,-0.0021621630044952,-0.0361213084139944,-0.0370412716803487,-0.023033647877626,-0.0121360712822253,-0.0243390683052679,0.0128070053563904,0.0042402890388855
2020-09-11,-0.0146701897477938,-0.0024009615375382,-0.0021668480850902,0.013698844358162,0.0140517534556501,0.0,-0.0513575596746775,0.0143887374520996,-0.0312357111793075,-0.0056577237198587
2020-09-14,0.0,0.0214039086631534,0.0021668480850902,0.0290523225945018,0.004537493605488,0.0,-0.0446854893452997,0.0127751914887226,-0.0021905813798186,-0.0056899157776786
2020-09-15,-0.0024660924951933,0.0,0.0,-0.0133039656263627,0.0051313741494718,0.0380998462322703,0.0133513331748642,0.0954383931515101,-0.0054975399591947,-0.0100359265277856
2020-09-16,0.0049261183360558,0.0093677500036002,0.0064725145056174,0.0,0.0031682790057212,0.0367013668504279,-0.0296118540466447,-0.0657928687562807,0.0,0.0014398850579877
2020-09-17,-0.0049261183360558,-0.0164516048920051,-0.002152853361101,0.0066741070876932,-0.0098442140347776,-0.0036101122240996,-0.0262990935470155,-0.0386184299342136,0.0033021493957590005,-0.0014398850579877
2020-09-18,0.0195605258544935,0.0070838548884049,0.0085837436913913,0.0132160513915262,0.0,-0.0036231923694203,0.0028011222797117,0.0061480449034299,0.0781812975413576,0.0071787817270059
2020-09-21,0.0,0.0163364193196935,-0.0064308903302903,-0.0221247962806359,-0.0180934539756378,-0.0183155303064328,0.0,-0.0195197818693189,0.0320027310861741,0.0014295928095942
2020-09-22,-0.0220327149998826,-0.0329441557193539,-0.0086393625907077,-0.0022396425935047,-0.0031529190596159998,-0.0590085531281101,-0.0013995803544233,-0.0145281005629098,-0.0320027310861741,-0.0143887374520994
2020-09-23,-0.009950330853168002,0.0095238815112554,0.0,0.0022396425935047,0.0445707486267235,-0.0098522964430116,0.0013995803544233,0.0140472157255588,-0.0153612851614872,0.0014482261763648
2020-09-24,-0.0202027073175194,-0.0239819646864853,-0.0087146521024439,-0.0272125635248847,0.0077220460939102,-0.0301530381706873,0.0,-0.0179572891334016,-0.0166497082365637,-0.0160470255975175
2020-09-25,0.0025477720787987,-0.0245712607305055,0.0,-0.002301496988279,-0.0022002209096019,-0.0040899852515252,0.0013976242666379997,-0.0093481615568657,-0.0116096290778391,-0.0133236611984706
2020-09-28,0.0151518050206023,0.0049627893421291,0.0021857932199802,-0.0139213385186081,-0.0088496152769828,0.0182746202434815,-0.0056022555486698,-0.0009891197641239999,0.0230860200341824,-0.0089820963158275
2020-09-29,-0.0050251362026729,0.0530244683082203,-0.0043763745997988,-0.0023391823531724,0.0228678395641157,-0.006054508908705999,-0.0141445073861647,0.0108268774140007,-0.0083333815591442,0.0
2020-09-30,-0.0101266688179293,-0.0213531244705689,-0.0043956114730381,0.0023391823531724,0.0264032094426669,0.0,0.0127390257774298,0.0034204773148318,-0.0318836784052218,0.0
2020-10-09,0.0151518050206023,0.0190029471256152,0.0022002209096025,0.0069848945219508,0.0181043534659881,0.0080645598367303,0.0042105325363435,0.0140472157255588,0.0339735433246808,0.0104712998672953
2020-10-12,0.0198517685527315,-0.0166077363996604,0.010929070532190001,0.0138251049918425,0.0343421219065547,0.0218479395258697,0.004192878260035999,0.0312525435041046,0.0134786903204644,0.0162365190476405
2020-10-13,-0.0024600258408624,0.007151401157625,-0.0043573053689556,-0.0045871640069061,0.0216614967811787,-0.0078895872751629,-0.0084034107963795,0.0184762761675729,0.0041110027065225,0.002923978691435
2020-10-14,0.0,-0.011947573421118001,-0.0043763745997988,0.0,0.0044543503493805,-0.015968403178731,-0.0127390257774298,-0.023617675667992,-0.0186340795448929,-0.0161887273499181
2020-10-15,0.012240054894502,-0.0096619109117368,0.0043763745997988,0.0204785313435409,-0.0045436400498726,-0.006054508908705999,0.0028449521322313,-0.0108363840133778,0.0288382497191346,0.0176475168135783
2020-10-16,0.0168882180285216,-0.004866189651173001,0.0065288588824636,0.004494389587839001,-0.0060904800894672,-0.0040568006956145,0.0014194466542263,-0.006177258892078001,0.0141131374764644,0.0014566644964639
2020-10-19,-0.0242142581205946,-0.0024420036555516,-0.0021715535135079997,-0.0022446698538238,-0.0322269889997839,-0.0040733253876357,-0.0028409110016038,-0.010059965080129999,-0.0471398749943512,-0.0014566644964639
2020-10-20,-0.0024539889615666,0.0024420036555516,-0.0065430985889358,0.0044843124473286,0.0119894454720368,0.0,-0.0288620322398747,0.0033645789971452,-0.0010498688628368,0.0029112102074582
2020-10-21,0.0,0.004866189651173001,0.0065430985889358,-0.008988824568433,0.0192488238390939,0.0222007099801924,-0.0495224966811074,-0.0233020252028444,-0.0094987521579077,-0.0014545457109942
2020-10-22,0.0,-0.0073081933067247,-0.0021762794225954,-0.0045248945982896,0.0032321809428061,-0.008016074988236,0.0495224966811074,-0.0004912797937177,0.0031762864184208,-0.0014566644964639
2020-10-23,-0.0049261183360558,0.0048780584534329,0.0129871955268112,-0.0045454623716747,-0.032431335635068,0.0,0.0485809810288302,0.0131805667002096,-0.0084926200456538,0.0014566644964639
2020-10-26,-0.00992563979997,-0.0048780584534329,-0.0043103515011222,-0.0253762174933744,0.0008329863038918,-0.0182746202434815,0.0489893872002731,0.0579394429527853,0.0106045532487972,0.0043573053689558
2020-10-27,-0.0100251466193785,0.0024420036555516,-0.008676844025689,0.0023337233462201,0.053497358241155,-0.022798914964806,0.0249193222248824,0.0009149131470773,-0.0031695747612792,0.0014482261763648
2020-10-28,0.0025157245972471,0.0072904332626793,-0.0021810259463601,0.0,0.0335448567717593,0.0041841065225740005,-0.003893580519132,0.0239451241723176,-0.0095694510161505,0.0014461318499996
2020-10-29,-0.0050377940299569995,0.0072376673002305,-0.0043763745997988,-0.0117234636960592,-0.0086875599630031,-0.012605208918982001,-0.0104576116439578,0.0057867955831589,-0.0118217389651666,-0.0057971176843261
2020-10-30,-0.0076045993852194,-0.0120920457650286,-0.0066006840313519,0.0505854967881063,-0.0163867401147728,-0.0300451784313879,0.0272213826836251,0.0035445318457254,-0.0262884799040876,-0.0043699996711183
2020-11-02,0.0025412974286727,0.004854378464798,-0.0044247859803556,0.03740810206617,-0.0112807807266186,-0.028731258040481007,-0.0102828669555838,0.0057332020325113,0.0066371925067989,0.0058224327514333
2020-11-03,0.0324622761446611,-0.0024242436115062,0.0066298585386694,0.0,-0.004053583273488,0.0111483874826143,0.0305367238600813,-0.0035242327225297,0.0153175861401702,0.0101083893207611
2020-11-04,-0.0123610968235741,-0.0097561749453647,0.0022002209096025,0.0213683344056989,0.0108023708850524,0.0044247859803556,0.0198517685527317,0.0161964582327338,0.0021691982475453,-0.0043196611445164
2020-11-05,0.0074349784875182,0.0,0.0043859719432541,0.0674412807955324,0.0045319931150542,0.0131580845775109,0.0061237178505288,0.0155108667634937,0.0032450001433272,0.0086207430439071
2020-11-06,0.0147061473896954,0.0097561749453647,0.0021857932199802,0.0234385729720174,-0.0276840389698085,0.0065146810211937,0.024126622614137,0.0228243213241943,0.0043103515011222,0.0057061495768544
2020-11-09,0.0120920457650286,0.0048426244757877,0.0043573053689556,-0.0077519768043179,0.0276840389698085,0.0340458414097171,0.0420131798904082,-0.0033486845859318,0.0149415799981986,0.0056737740859078
2020-11-10,-0.004819286435949,0.0143887374520998,0.0021715535135079997,-0.0097752489046423,-0.020912808536778,0.0308984415512341,-0.0408219945202552,-0.021187233219444,-0.012793351459908998,0.0
2020-11-11,0.0143887374520998,0.0118344576470026,0.0064865092296066,0.0155948579579063,-0.0317544269874474,-0.0081466845678181,-0.0512932943875505,-0.0185870922683673,0.0296004697762906,0.011251876797435
2020-11-12,-0.0023837913552762,-0.0094563352420353,-0.0108343421657102,0.0038610086574595,0.0150105160862201,-0.006153865574378,0.0149256502166759,0.0078227256812088,-0.0020855064910216,-0.0013995803544233
2020-11-13,-0.0120049460968236,-0.011947573421118001,-0.0087527911095945,-0.0019286409064056,0.0323382536123375,-0.0082645098498934,0.0493778809068894,-0.0065146810211937,-0.0147216118253599,-0.0126851595273156
2020-11-16,0.0355909451027027,0.011947573421118001,0.0021953905634355,0.0076923456231556,0.0118190304287608,0.0266136485180898,0.0128431420903187,-0.0021810259463599,0.0394651422089653,0.0112836176020272
2020-11-17,-0.0117234636960592,0.0023724803536304,0.0065574005461590005,-0.0076923456231556,-0.0111199130359587,0.0060423144559627,-0.0011607662359622,-0.0649461733576415,-0.0040816383196484,0.0069881486339282
2020-11-18,0.0070505579966666,0.0070838548884049,0.0065146810211937,-0.0019323677510538,-0.1049044108816836,0.0060060240602117,-0.0046565858299505,0.0046490088382435,0.0121952730938184,0.0138314791484617
2020-11-19,-0.0094118341823463,0.0,-0.0021668480850902,0.0,0.006864904890893001,-0.0040000053333459,0.0023310033864754,0.012903404835908001,-0.0030349036951542,-0.0041293933420112
2020-11-20,0.0117510165355187,0.0163364193196935,-0.0021715535135079997,0.0096247133742095,-0.0087100134502851,0.0040000053333459,0.0230159757009214,-0.0082759093038595,0.0170772608181928,-0.0069204428445737
2020-11-23,0.0478996921604575,0.0115076068514798,0.0086580627431147,0.0057306747089851,-0.0384434103547191,-0.0140705838969421,-0.0102916860365476,-0.0111421765532417,0.0949479265853661,0.0041580101486637
2020-11-24,-0.0044642931286855,-0.016147986407982,-0.0043196611445164,0.0075901692666755,-0.030459207484707995,0.0100705785635961,-0.0315262536467737,-0.0084388686458649,0.0276927030784626,-0.0083333815591444
2020-11-25,-0.008988824568433,0.0115608224010759,-0.0021668480850902,-0.0268215311945632,0.0004164497717651,-0.0100705785635961,-0.0011869437595288,-0.0023568240935301,-0.0088496152769823,-0.0084034107963795
2020-11-26,-0.0113508596686895,0.0204785313435409,0.0043290110895854,-0.0156558970725528,-0.0172182731466685,0.0,-0.0264756739840277,-0.0052046486070462,0.0044345970678656,0.0014054816087349
2020-11-27,0.0136056520557787,0.0067340321813438,0.0255877499484071,-0.0280018295484931,0.0047541159744373,0.0100705785635961,0.0060790460763819,0.0018957351648993,0.0052956875747103,0.0083916576362483
2020-11-30,0.0022497197340152,0.0308394483830798,-0.0084567100182235,-0.0101937681895429,-0.0135825517658689,-0.0020060187268657,-0.0097442914746781,-0.0109498832695864,0.0,-0.0041870263542165
2020-12-01,0.0022446698538238,0.0,0.0147526384750382,0.0101937681895429,0.0302016956989152,0.0296757681461166,-0.0061387546983247,0.0273860363222153,0.012248622076199,0.005578815027039001
2020-12-02,0.0265502320941208,-0.024150460232282997,-0.0084034107963795,0.0020263431452325,-0.0090592591251059,0.0019474202843954,-0.0024660924951933,-0.0023315468710869,0.0060685058363807,0.0314878854463336
2020-12-03,-0.0400944572018779,0.0044345970678656,-0.0021119332031434,-0.0122201113347755,0.0124741742251757,0.0038835000263977,0.0098280889362625,-0.0089097893044378,-0.0441767944850393,-0.0013486178712933
2020-12-04,0.0,0.0066152391187193,-0.0063626937878287,-0.0123712918025467,0.0397966756720578,-0.0195700961940972,-0.0123002780816516,0.0107754614873876,0.0063034877785921,0.004040409537005
2020-12-07,-0.0206666368085592,-0.008830079448271999,-0.0106952891167479,-0.0188487255586673,0.0262579992422944,-0.0199607425625381,-0.0352681388374578,-0.0235748777497111,-0.0081118065353757,-0.0026917916657116
2020-12-08,-0.0093240768751232,-0.0133930573364382,-0.002152853361101,-0.0042372944755153,-0.0027113408689061,-0.0060667526822373,-0.0116055461203079,-0.0047824098802151,-0.0164237268306441,0.0160431248405759
2020-12-09,0.0116415750154859,-0.0045045121211044,-0.0043196611445164,-0.0171310399301836,-0.0307201473395526,-0.0081466845678181,0.0103226723074185,-0.0218084727508727,0.0018382358117512,-0.0146963232901971
2020-12-10,0.016073824831061,-0.0136365749495455,-0.0086957069675539,-0.0043290110895854,0.0189180108354278,-0.0123458358222992,-0.0051480165174013,0.0289735380351556,0.0018348629001101,0.0133691830821343
2020-12-11,0.0068104690025267,0.0068415318167167,-0.0065717651632344,-0.0043478329361035,-0.0010798607047481,-0.0020725396019722,-0.0234997759158979,-0.0211648111920434,-0.0194360583771189,-0.0160646025038064
2020-12-14,-0.0606246218164348,0.0379086639818977,-0.0044052934679164,-0.0131580845775109,0.0174289987062774,-0.0167367923555239,-0.0186672087196897,0.0077482227828227,-0.0468761092912859,-0.0013504390978713
2020-12-15,-0.0120920457650286,0.0043668191663404,-0.0044247859803556,0.0196727655987047,0.0205404881010053,-0.0127390257774298,0.0,0.0038517139578546,-0.0068796340135373,-0.0163491380015297
2020-12-16,0.0,-0.0043668191663404,0.0,-0.0196727655987047,0.0220714093782925,0.0063897980987709995,-0.0026954194216721,-0.0223527285169389,0.0039370129593394,0.0
2020-12-17,0.0498323737478756,0.0,0.0022148403295527,0.0087912654111705,0.0281811545118015,0.0126583968719233,0.0013486178712933,-0.0069033804730742,-0.0019665689720405,0.0013726838119723
2020-12-18,0.0540672212702757,-0.0110012110619734,-0.0022148403295527,-0.0087912654111705,-0.0020704873040093,0.0,0.0292185459991398,0.0024709674050074,0.0601613371197071,-0.0179935650480125
2020-12-21,-0.0021953905634355,-0.0088889474172459,0.0022148403295527,0.0087912654111705,0.0344541009236776,-0.0190481949706944,0.04854081869999401,0.0088452665149665,-0.0102469457379945,-0.0268947562001218
2020-12-22,-0.0565122102633424,-0.0202938193398138,-0.0133632278121671,-0.0311136208490689,0.0098761956702144,-0.0303710978762987,-0.0511620521798681,-0.0247660008018115,-0.0667882408715865,-0.0173665724982987
2020-12-23,0.0229895182246988,0.0180591815383974,-0.0022446698538238,0.0022547923870892,0.0149735417901624,-0.0044150182091167,-0.0172075721694264,-0.0430394294811078,0.0178576174000064,0.0
2020-12-24,0.009049835519918,-0.0067340321813438,-0.0022497197340152,0.0022497197340152,-0.0132508884787156,0.0088106296821548,0.0093023926623132,-0.0433338726498102,0.0049043747150898,0.0043699996711183
