date,600176,001979,000333,002271,603799,600196,603833,603899,000002,600048
2022-02-09,0.0100384663468573,0.0170701157716037,0.0303555681977885,-0.0196026472935133,0.023320332429912,0.0052722185160329,-0.0316982605375919,0.0147061473896954,-0.0183668768700755,-0.0133802569632357
2022-02-10,-0.0023529422620267,0.0056258938821684,-0.0391423770128627,0.0160669924612055,-0.0129327040683335,-0.0098794600220863,-0.0322813076274757,-0.0489909142453877,0.016929062100448,0.027208258570528
2022-02-11,0.0035273405179681,-0.0063313612835607,0.0066310548139467,0.0266009277633036,0.0002980477892009,-0.0407642727966686,0.0160099627675736,0.0212370514632165,0.0157033919284499,-0.016997576368571
2022-02-14,-0.018957913744614,-0.0235641035130655,-0.0154957565741948,-0.0541310925058864,0.0032726760999279,0.0,-0.0317414823094814,0.0231813811072809,-0.0453964957539958,-0.0283341556020499
2022-02-15,0.0053683397639687,-0.0087083278917843,-0.0133767422471198,0.0012128564252096,0.0670107102829602,0.0164583321488316,-0.0152011613320501,0.039890304903555,-0.0214739837088053,0.0006529546428528
2022-02-16,0.0304651563069904,0.0058139698654198,0.0174779099913342,0.0265140618841663,-0.0074349784875185,-0.005456068569948,0.0108815001875335,0.0022873239496501,0.0095454128435314,0.0333792220738344
2022-02-17,-0.0011547345393965,-0.0234614866789981,-0.0141515035977155,0.0013761920976658,0.0480791794256534,-0.0033357190806584,-0.0144828506703698,0.0198370868837018,-0.0100503358535011,-0.0223437319575023
2022-02-18,0.0017316021642779,0.0555498012304984,0.0100503358535011,0.0128832545145094,-0.0078543781151445,0.0293965906013449,0.01324522675002,-0.0057019592931117,0.0337668624708173,0.0528092525535965
2022-02-21,-0.0063639208125576,-0.0098731408499368,-0.0041180566089176,-0.0148498234865503,-0.0197273613115305,-0.0053444997669389,0.0003869220400369,-0.0032977553100836,0.0106849001000162,0.0006121824494829
2022-02-22,-0.0081585534123389,0.0049487552392588,-0.035420515275276,-0.0192791422911229,0.026959212838026,-0.0276384664656332,-0.013632148790057,-0.01877742281712,-0.0029027596579611,0.0067093877795243
2022-02-23,0.0069971130959487,-0.0235472884706338,0.0044081123637269,-0.0340884112927475,0.0335041177883219,0.0107207697451015,0.0028977582245959,-0.0060412408327907,-0.0185824417928248,-0.0227492134605609
2022-02-24,-0.0247071391339988,-0.0021684142938238,-0.03141921505118,-0.0391708805079051,-0.0246474484347887,-0.0261688201321792,-0.0155261817727758,-0.0238063542125566,-0.0209483969638104,-0.0068643015238989
2022-02-25,0.0182949924191651,-0.0131101659242078,-0.0026389107822568,0.0023724803536304,0.058147451273868,0.0237963397785487,-0.004298343002536,0.003643654969399,-0.0157483569681393,-0.0100693110055405
2022-02-28,-0.0029282597790887,-0.0066201050896057,-0.020766097743996,-0.0226589214945951,0.0240836857036725,0.0071006215495765,0.0099218974843964,-0.0128113026023632,-0.0170414658548514,0.0006323111181272
2022-03-01,-0.0005866823283562,0.0269401075805633,0.023844150742196,0.0222279798805136,-0.0418783469526173,-0.0007077975994445,-0.0284394542198178,-0.0035058620649239,0.0093313274288839,0.0329529350037547
2022-03-02,-0.018957913744614,0.0092957408734815,-0.0208510326740638,-0.0187083985966158,-0.0156193163846962,0.008694685252534,0.0240066123215854,-0.0124617998827556,-0.0031007776782479,0.0121582044798094
2022-03-03,-0.0023952107259548,0.0377139667549393,-0.0037427994886547,-0.0201847819944149,-0.0069055086669616,0.0102421751956596,0.0236762392131666,-0.0204204486531343,0.0087606847350971,0.03327698608103
2022-03-04,-0.0199824995873378,-0.000685635954182,-0.016179380679925,0.0015672229783447,-0.0325733023068259,0.0352669923580952,-0.0020940791768424,-0.0011467891165066,-0.0408433732334709,-0.0052739647588739
2022-03-07,-0.0160299363389708,0.0109141601806781,-0.0482491520063224,-0.0166933720841027,0.0066889881507963,-0.042472136834871,-0.037817970748522,-0.053822887424042,-0.0091275801482892,0.0081919709145883
2022-03-08,-0.0483862681205691,-0.0095433580468995,-0.0449900031191594,-0.043707561105966,-0.1053605156578258,-0.064554072148776,-0.0291250953061563,-0.0113660651255136,-0.0480622738061038,-0.0212022076506031
2022-03-09,-0.0118111609283442,-0.0348467313301683,-0.0040241502997249,-0.0150846868481506,-0.1053056474786133,-0.0442595125094564,-0.0121942545040454,0.0852577820972788,-0.0398321054484038,-0.0351338377219465
2022-03-10,0.0464300025829391,-0.009978700049896,-0.0109807674846669,0.040194535948133,0.0686928886788384,0.0459997242599921,0.047027908026088,-0.0219830720924405,-0.0124446050480839,-0.0037059955943172
2022-03-11,0.0037735893836394,0.0177498447747828,0.0086258462954438,-0.012124186752318,-0.0274188949320128,0.0609460102170804,-0.0099912200078868,-0.0133090979856311,-0.0071813594086647,0.0043223284335502
2022-03-14,-0.0235006051717112,-0.0014084509370579,-0.0463596409994018,-0.0285529746878081,-0.088112809441907,0.0874397342461259,-0.0412472205545446,-0.0333660405844984,-0.0342122554221608,0.0067547079053569
2022-03-15,-0.0616293037182127,-0.1054388211275032,-0.0412336744743151,-0.086419096362925,0.0557967082373762,-0.0804532130471047,-0.0494739421961503,-0.0517054715873048,-0.0835707802342224,-0.1050885548185105
2022-03-16,0.06098642359321,0.0338754484897858,0.0465116599850117,0.0557831996604027,0.0753889039154751,0.0609931394923921,-0.0342746392240833,0.0753153372264385,0.046857796418378,0.0188557775011601
2022-03-17,0.0341373223790486,0.0135340411688473,0.0295639129871423,0.0617658905042133,0.0150152971199952,0.0720159538427709,0.0899738896549182,-0.0078740564309058,0.0727254197421531,0.0295782324821236
2022-03-18,0.004959712584724,0.0424040135657892,0.0034013638234897,0.0215261176064678,-0.0368350861126085,0.025079055389261,0.0187759939707321,0.0057148643073214,0.0451292517178356,0.0950746362865713
2022-03-21,-0.0237808453214651,-0.0334820212967632,-0.007669402739463,-0.0236340935597816,0.0598178301645182,0.0953642158463781,-0.0095100985515221,-0.013850636933899,-0.0379607622392228,-0.0184254841204984
2022-03-22,-0.0089059112813885,0.0391922438076477,0.0022216534815093,0.0030434297165715,-0.0010686356484015,-0.0238779229263021,0.0419015943427583,0.0158137314002222,0.0453830058478175,0.0324608022368817
2022-03-23,-0.005124931140255,0.0349685978377465,-0.0099503308531678,-0.0117565426522228,-0.0140957698003933,-0.0701002913121988,-0.0234603044649359,0.0113105729958031,0.0185973238155896,0.0005805515402537
2022-03-24,-0.0181469659049362,-0.0089748617606986,-0.0072677253623893,-0.0546849879975543,-0.0217248205296209,0.0511053067941782,-0.034945664844324,-0.002912906225124,-0.024301845845231,-0.0093295137334892
2022-03-25,-0.0072202479734868,-0.0097561749453647,-0.0262177416637836,-0.0085299062095085,-0.0108382929780956,-0.0499188324608064,-0.0309696635700023,-0.0082015691134178,-0.0040126164472917,-0.0177309609712317
2022-03-28,-0.0026385239581809,0.0262627395470671,-0.0051836741329811,-0.0078411935839941,-0.0452066141486806,-0.0091324835632726,-0.0323194272464881,-0.0236098656391336,0.0204668883864624,0.010086113388791
2022-03-29,0.0019795453511379,-0.0102846295624088,-0.0208246547647172,0.0181182611015437,0.0313623690373399,0.074720355125827,-0.0168803354785165,-0.0355574851793227,-0.0164542719391707,-0.008298802814695
2022-03-30,0.0163455747747423,0.0358752516255971,0.0421020532120026,0.0953101798043247,0.0306089277919658,0.0208798794283655,0.0532865472487555,0.0144570878160918,0.0823284229543923,0.0533150587677213
2022-03-31,-0.011741817876683,0.0079470616925321,0.0,0.018641752640335,-0.0207444828210521,-0.0339203026718291,0.0151570245814287,0.0022529451413788,0.008916922444873,-0.0011293055971512
2022-04-01,-0.0032862336508188,0.0215342742145514,0.0276834287484168,-0.0011132139633422,-0.0018421865817703,0.0339203026718291,0.0138354708752554,0.0038795352384721,0.0758967480648378,0.0284062541597331
2022-04-06,0.0156763497673879,0.0497427061456172,-0.0032475885307494,0.0373854883377591,-0.0243674247403138,-0.0019958275698783,0.0172987224304739,-0.0325181390612168,0.0267446694943442,0.0049301661078589
2022-04-07,-0.0012970170430448,-0.0381893042064649,-0.0122299345381637,-0.0293978709856648,-0.0166167764743114,-0.0600685650389252,0.017248887609556,-0.0165573725206238,-0.0147166197452945,-0.0378664393393419
2022-04-08,0.0561484584806923,0.0381893042064649,-0.0064331265937624,0.0300414406742941,-0.0155959063237398,-0.0167253996084717,-0.0045706902948312,-0.0142274441274321,0.0273601972138766,0.032936273231483
2022-04-11,-0.0254751272640922,-0.0006144393434479,-0.0349667356108769,-0.0223363942998888,-0.0895274739286593,-0.0585552797774933,-0.0263587576929662,-0.0252844072928928,-0.0355235078530378,-0.0154956061224749
2022-04-12,0.0131292914417926,-0.0388520042447844,0.0368836134305539,-0.0132452267500209,-0.0143286033530403,0.0041502445958792,-0.0038710811616189,0.0369400540319535,-0.0278678508352605,-0.044477114005093
2022-04-13,-0.0257957052454762,0.0070041674435707,-0.0152621153849041,0.0121481339356477,-0.0016851231719927,-0.0672342200224558,-0.011703975515342,0.0,0.0162285341782419,0.03607605647381
2022-04-14,0.0301341068440748,0.0561356123329699,0.0373015749511962,0.0302725819483047,-0.0013260203256946,0.0273091793692148,0.0562290545567538,0.0502197569790263,0.0240975515790604,0.0626737351354727
2022-04-15,-0.0086957069675541,0.0201907096450675,-0.0011928092067758,-0.0053390409794205,-0.0226922022008215,0.0189993974235749,0.061989913290648,-0.0125271173053991,0.0141846349919565,0.0203928635631407
2022-04-18,-0.0138193154000809,-0.0438640458333758,-0.0185859764117664,-0.0131481579424344,-0.007928683755507,-0.02526901043717,-0.0147370284401029,0.0055641565501489,-0.0368198416845371,-0.0493337901681423
2022-04-19,-0.0178690140607851,0.0,-0.0047009749670241,-0.0172889742434287,0.0038483071513599,-0.0274833171265522,-0.0324437288742576,-0.0086687849364461,0.0063122326606501,-0.0005439216886888
2022-04-20,-0.0267552664092085,-0.0594735646352844,0.0045272582984727,-0.0282087206345091,-0.0266180184581967,-0.0271141779702643,-0.0226624935092472,0.0148150857851403,-0.0655070442157015,-0.0530702573956114
2022-04-21,-0.0288513805656012,0.0026041681383879,-0.0269406204419739,-0.0498124849263872,-0.0467563513417736,-0.0411465241937056,-0.0249364852900315,-0.0212620250325303,-0.0025873235649513,0.0045792867658311
2022-04-22,0.0121787702862778,0.0568693964968964,0.0166375519151111,0.0273086650081251,-0.0203387709955302,-0.0288120644132043,0.0087945476814956,-0.0121747935394527,0.0260817647996196,0.015302083787998
2022-04-25,-0.0390862232062021,-0.0388276700117375,-0.0339197102179138,-0.0227843091537378,-0.0489398556012377,0.0034330587911242,-0.0282322415739706,-0.0224248585398991,-0.0507355180413982,-0.045449294401918
2022-04-26,0.0296266932086775,0.0158381517870385,-0.0614080228385902,0.0320307920458042,-0.0149729258508228,0.0954214454511714,-0.05798345307611,0.0230582376384513,0.0068801541578147,0.0335679665151653
2022-04-27,0.043831717376249,-0.0280451777647203,0.0249798478120935,0.048066741692057,0.095257431624125,-0.0588877021187155,-0.0029757901034441,0.0289151709913215,-0.0392629081363042,-0.0460052011599456
2022-04-28,0.0129117352188972,0.0211072754479459,0.0033840979842403,-0.0266682470821613,0.0329472083519286,0.0035339888352794,0.0087219003651384,-0.0159143588140699,0.0254549351699693,0.0590107562589792
2022-04-29,0.008940034000501,-0.0082618836649914,0.0690679437440344,0.0211707071229665,0.0490514059197799,0.0107603377406171,0.0419028783732207,-0.004175371410481,0.035718082602079,0.0178178433167937
2022-05-05,0.0213844626792347,-0.0639005625832389,0.0278107568578827,0.029976180151189,-0.0059708944833003,0.012945164592037,0.02977215833367,0.0004183225327687,0.0025766569267284,-0.0325323136707962
2022-05-06,-0.0163115285280404,-0.0646292281991782,-0.0085543720966585,-0.041955027914283,-0.0554057412846304,-0.0166747726448646,-0.0382212128201979,-0.0172963603201203,-0.0495882179903151,-0.0678125941882985
2022-05-09,0.0106952891167479,0.0050669670478353,-0.0321256677069126,-0.0322023289877924,-0.0031051907471102,0.008835212088528,-0.0121952730938179,-0.0324352757531536,-0.0005409791854953,-0.007348471524792
2022-05-10,-0.006907405799811,-0.0079739458391445,0.0042492981786574,0.0252601893619353,0.0408790098703573,-0.0307933602911214,-0.0185763855729357,-0.0077220460939102,0.0043196611445162,0.0110025559804345
2022-05-11,0.0037735893836394,-0.0355593020364866,0.0014124296133424,-0.013574869091069,0.079133264238064,0.0892369561611956,-0.0024136247358477,0.051160395191395,-0.005402498283348,-0.0384186033184601
2022-05-12,-0.0012562815722616,-0.0190336922333025,-0.0167233927686778,-0.0167685105137396,-0.0099330916039948,-0.016733107288704,0.0209023640490313,0.0316895109569825,-0.0263462000312317,-0.0146359596374296
2022-05-13,0.0199135391768043,0.0384517780904039,0.0225286689896888,0.0213139728854141,-0.0044206679716083,0.0048726563739562,0.0318308669081472,0.004678133213892,0.037657928510157,0.0615291899468619
2022-05-16,-0.008663420522208,0.0161412161793852,-0.0143099341438448,0.0121705356202554,0.0015145339878799,-0.0221163934613417,0.0229972367456756,-0.0169859808884891,0.0111852031637229,0.0208775850215552
2022-05-17,0.008047087682975,-0.0102414940521966,0.0209533152206251,0.0197411312736353,0.0468480388745762,-0.0182362017433486,0.0078516044500789,0.0125117004935679,0.0100132588949732,0.0005901446025506
2022-05-18,-0.016159456665604,-0.0022083188952288,-0.0133311919945571,-0.0228822601744962,0.0091779269773937,0.0204925203901171,-0.0056966098324249,-0.0100379824726895,-0.0131962854550939,-0.0106762579913417
2022-05-19,0.0037523496185505,0.0051451785685383,-0.0144066520175378,0.0266091087279645,0.000550206341253,-0.0152154632892735,-0.0094834751180075,0.0079975818464168,0.0225909265765595,0.0247362435596407
2022-05-20,0.0355647537222845,-0.023739987303073,0.019163113024109,0.0216458667746923,0.0152841403253738,0.0161165672024661,-0.0046916976141719,0.0180148582037769,-0.0183491386681966,-0.0087642979935886
2022-05-23,-0.0060423144559629,-0.0516094499387134,-0.0465869690855309,-0.0042918520815411,0.0022726052744204,0.0136421661745758,-0.0137828250426537,-0.0315869357493205,-0.0295323475650173,-0.0573655603968776
2022-05-24,-0.0245411089161176,0.023438572972017,-0.0096207957616027,-0.026145280104322,-0.0381187370475561,-0.041729410391925,-0.0342098741834639,-0.0033181283036007,-0.012613273885746,0.005577950626054
2022-05-25,0.0018616201467001,0.0015432101828061,-0.007276830319002,0.0144644204915667,-0.0011235956238264,-0.004177309393099,-0.0126791608575214,0.0379095730732199,0.0055035912169789,0.0024691370569209
2022-05-26,-0.0385513773820447,0.0122606899863524,0.0078343993326104,0.0010873111868221,0.010178489530169,-0.0020952166901291,0.01909028368192,0.0176434351725953,0.0092871467844175,0.0128638833619101
2022-05-27,0.0178804252778483,-0.0161231899602491,-0.0130916401305811,-0.0054484170958346,-0.0005565759591554,-0.0044377043514938,-0.0257151960052404,-0.0035433107938134,-0.0136875939292391,-0.0073305154162546
2022-05-30,0.0194302571559621,-0.0250796843970237,0.0052572407979707,-0.013420067208548,0.009861029438233,0.0345099807773605,0.0483922972442512,0.0051140945450223,-0.0177980226443272,-0.0279782004262205
2022-05-31,0.0141758922429735,-0.0079681696491764,0.0200229158751077,-0.0133781259461764,0.0408308147680154,-0.0095433580468995,0.0232617805316648,0.0157667499714415,-0.0005613247410933,-0.0223152390182543
2022-06-01,0.0139777420066149,0.0166604408931072,-0.0038620737659433,0.0419795734254448,0.0310538655262533,-0.0158788286233573,0.0288441916738761,-0.0323843430479797,0.0039226724437981,0.0153553880831949
2022-06-02,-0.0078764418104375,-0.0150617195294104,-0.0320162138989585,0.0221379836983324,0.0238263412831347,-0.0123703292937098,0.0391894685234497,-0.0039976067628941,-0.0095533179506257,-0.0289875368732523
2022-06-06,0.0168882180285212,-0.0283534586725164,0.0043664046591698,-0.028182907114246,0.0663778264739614,0.0032825351866061,-0.0111539920037815,0.0031993628570075,-0.0240011520995433,-0.0244802168472908
2022-06-07,-0.0236017006741815,0.012250051105938,0.0039701347165972,0.0010821340737847,-0.0026286158582848,0.0178638319576074,-0.0211542512288769,0.0185923077063545,0.0080645598367303,0.0231721721872752
2022-06-08,-0.0030665464079793,-0.0048820275973087,-0.0001886970474513,0.0043168640316961,-0.250831102993585,-0.0020715855031876,-0.0323865156991534,0.0029351356557629,0.0062911274121075,-0.0131754211585644
2022-06-09,0.0006140620395593,0.0225816046967093,-0.0115783774251045,-0.0235356254706844,-0.0505433308972289,-0.0268550873031765,-0.0365775427412486,-0.0233258253034969,0.0163984449310117,0.0326186778627923
2022-06-10,0.0128089582925809,-0.0144580831752296,-0.0024849482346454,0.0323273621683708,0.0374108464425999,0.0117648415795863,0.0365775427412486,-0.0114654781092782,0.0016811435733044,-0.0032144032820067
2022-06-13,0.0054397232958183,-0.0548766102258344,-0.0230384790315829,-0.040519592198347,0.039832521064687,0.001168907204982,-0.0332121342061135,-0.0136472227057971,-0.0220784513023879,-0.0461214810107546
2022-06-14,0.0078055034542021,0.0144253668178659,0.0072202479734873,-0.0062444449116463,-0.0230825239227323,-0.0016368529318175,0.0081507036107426,0.0108109161042158,0.0159003917754594,0.020688091859462
2022-06-15,-0.0005982650492528,0.0396418544524097,0.0568775179964404,0.0236553530460272,-0.014305008148888,0.0060662808522566,0.0578512534183621,0.0076799084019727,0.032698950906894,0.0470902865290145
2022-06-16,-0.0132532060357948,-0.004056800695614,-0.0112682452103993,-0.013638574802556,0.0427834395919228,-0.0116987763814697,0.0197235602868479,0.0088194598523738,-0.0087623780789858,-0.0178008514686323
2022-06-17,0.0024227752614254,-0.0073439742557588,0.0171290678473816,0.0055218251843078,0.0679472462404975,0.0216514103234253,-0.0029298829210109,0.0168204222922749,-0.0016515280384732,-0.0006416426270829
2022-06-20,0.0227282510775559,0.0194653347881033,0.0411433453651062,0.0496289144807131,-0.0033941019061485,0.0004605111755342,0.0770491507445374,0.0371732738139805,0.0234151726748326,0.0303436680760134
2022-06-21,0.0011820332345551,0.007202912294058,0.0040227426351329,0.0006286013826684,-0.0184852239024477,0.0137176362287991,0.0416322388708545,-0.0137066680435871,0.0,0.0129912127123308
2022-06-22,-0.0148767992144436,-0.0193242728264024,-0.0227743976853371,-0.0371282244215889,0.0152996332478307,0.0126355471715391,-0.0486317148596748,-0.038492590336618,-0.0151846735383167,-0.0142373187925781
2022-06-23,0.0077635504899236,0.0320027310861736,-0.0001785873743473,0.0172418064345061,0.0095264886904367,-0.0217596980611483,0.0008868524711038,-0.0047923414403063,0.0146463155172389,0.0325082290001033
2022-06-24,0.0047477833991846,-0.0118813278867526,0.0318156723175295,-0.0008550663197337,-0.0237095519249876,-0.0101336657148052,0.0188795304655995,0.0160829437019258,-0.0124629085362957,-0.0207324499119718
2022-06-27,0.0135256398938872,-0.0112180663612773,0.0222421487337207,0.0247134765676726,0.0450580715984321,0.0027739268827251,0.0206621885466642,0.0084339030861593,0.0092266597570875,0.0219387226758533
2022-06-28,0.0081443149416857,-0.0137933221323356,0.0,0.003332642118031,0.0536853532571894,-0.0146497213629195,-0.0094888879485388,0.0227853070341037,-0.00324675609887,-0.0262610511094036
2022-06-29,-0.0005795421779128,0.0571584138399487,0.002872351387694,0.0207847795109037,-0.0403334541512085,-0.0091776147176383,0.0336912547739185,0.0232107787598803,0.0619946378018334,0.0681674484107839
2022-06-30,0.0092326103027287,0.0356233196110173,0.0187202525200635,0.0471400788641882,0.0065051115974164,0.0414459133176143,0.043402526788502,0.0450436248868881,0.0433658778559928,0.0092060489077225
2022-07-01,0.0005742176442593,0.0007443245598572,-0.0268517559056462,-0.0125123822058519,0.0151533776604431,0.0424083971192486,-0.0131602821232483,-0.0258300281037868,-0.0048899852941919,0.0034305350967893
2022-07-04,-0.0069124699206235,-0.0074682946075257,0.0198726647662548,0.018903417806626,-0.0044391752040606,0.047547155929835,-0.0171593616483463,-0.0067933796558792,-0.0093573694346407,-0.0057241140838883
2022-07-05,-0.0040544509638951,-0.0173917427118692,-0.007196081592788,-0.1051460384452078,0.0319717722418815,-0.0106284214011251,-0.0509405111763729,-0.0122337021588552,-0.0084472551988659,-0.0238175650165866
2022-07-06,-0.0567146899654438,-0.0239301268500371,-0.0043763745997988,0.0161671251592676,-0.0668192373745517,0.0114572652115256,-0.0177934176258505,-0.0137078477299246,-0.0288554568325558,-0.0487901641694321
2022-07-07,-0.0154753939529328,-0.0102081765925237,-0.0098322541537809,-0.0161671251592676,-0.0023597565385413,-0.0095734341991517,0.0038761155781026,-0.010644464693772,-0.0144855093644995,-0.0068132812340464
2022-07-08,-0.0169868821917287,0.0102081765925237,-0.0020463854344638,-0.0112142646016151,-0.0210534091978322,0.0567052231958076,-0.0125603032128562,-0.0189048840095491,0.004678979162791,0.008047087682975
2022-07-11,-0.0368377678220515,-0.0094192219164916,0.0054477492579536,-0.0357654014006638,-0.0466975974927619,-0.0107271588841331,-0.0042220721212524,-0.0266419309464214,-0.0156824960006178,-0.0205550681386421
2022-07-12,0.0052528026228597,0.0187505493453761,0.020168750883621,0.0107311559646654,0.0190091660958273,-0.0671115642790884,-0.0169933347759378,-0.0122750308756125,0.0026308881262764,0.0199383551989602
2022-07-13,0.0175272257089602,0.0069417941699581,-0.0304077481847153,0.0232977570465342,-0.0049734475749554,0.0038371396472935,-0.0068182082317767,-0.0075195964525667,-0.0036851844811822,0.0237743596149129
2022-07-14,-0.0103493808620034,-0.0061680997406479,-0.0366853364568005,-0.0338041686569554,0.0629082978612638,0.0526328223511551,-0.0241587376431189,-0.0104584158428413,-0.030524458210646,0.0012040940648043
2022-07-15,-0.0337222036054343,-0.0548409156995859,-0.0179538036165958,-0.023188126919186,-0.0377321429687889,-0.0526328223511551,-0.0104901541267397,-0.0084877851454097,-0.0427724181081963,-0.0518634740095738
2022-07-18,0.0173337673282008,0.0392521354851349,0.0016291070667913,-0.0106359384134244,0.0009939809753154,0.0618754037180875,-0.0277684801147986,0.0101355713060962,0.0157660923386755,0.0440108211537793
2022-07-19,0.0124796365121806,0.0007852375747021,-0.0047135692781736,-0.0287687843088737,-0.0068675502521688,-0.0226546905648059,-0.0211790900049031,-0.003917934695226,-0.0056022555486694,0.0006062443350272
2022-07-20,-0.0006529546428528,-0.0007852375747021,0.0072424723600459,0.0109446726572,0.0113832250878225,-0.0002046035812766,0.0081485285639049,0.0123204843880406,-0.0022497197340154,-0.0091324835632722
2022-07-21,-0.0138114658487134,-0.0359894898503188,-0.0097897808699158,-0.001183852393503,-0.0379643598385772,-0.0045119026500493,-0.0139504511800128,-0.0247946586132163,-0.026820437868825,-0.0354845819255342
2022-07-22,-0.0026525214491313,-0.005716634596383,0.0036370289228271,-0.0550284875821236,0.0140544079223881,-0.0119935267261448,-0.0058357814641016,-0.0067170697559428,0.0051918201420466,-0.0095511709843432
2022-07-25,-0.0013289038500539,0.0258704807853638,0.0243870791110465,0.004993768180487,-0.0188599091609367,0.0179367761086561,0.0197862326441145,0.0073444879507382,0.0068807610922227,0.0296271275570321
2022-07-26,0.0046434577629543,0.0804723532225728,0.0166890127298495,0.0438559925204447,0.0073134824893017,-0.0315509773772659,0.027090970635883,-0.0025120381641898,0.0309448038494215,0.0561572226841797
2022-07-27,-0.0099768037383167,0.0,-0.0261222053999663,-0.0180401765577347,-0.0030788552743636,-0.0010549637015992,0.0036632994698111,-0.0103234878706488,-0.0161969472148659,0.0110950043249875
2022-07-28,0.0099768037383167,0.0,-0.0030446875853265,0.0144580831752296,-0.0199556769245337,-0.025225792493146,-0.007980888331013,-0.0136462672011719,-0.0062129541847184,-0.0140353181163832
2022-07-29,-0.0106454764479524,0.0087977107035293,-0.0139079276031282,-0.0328296960262095,-0.0171567075525924,-0.0508490043613885,-0.0357268238990258,-0.0254389193463353,-0.0252451731558576,-0.0184254841204984
2022-08-01,-0.0243749373020012,-0.0326438480763626,-0.0067524665730376,-0.0172052617161275,0.0866853786167345,0.002956899686537,-0.0076692606647359,-0.0168780377873516,-0.0199537136655711,-0.0255177879869563
2022-08-02,-0.0228779475485443,-0.0068104690025267,-0.0186679480873057,-0.0246989003364976,-0.0277703795995032,-0.0472016014842942,-0.0126317469059005,-0.0215062052209633,-0.0209651284650447,-0.0130073063373781
2022-08-03,-0.0084507545177232,-0.0253762174933744,-0.0255091772318358,-0.0242673356706988,-0.0573753528316389,0.0035650661644961,-0.0185610255214108,0.0059320274338761,-0.0282400595742164,-0.0413676545875802
2022-08-04,0.0091517710203183,-0.0054666282173672,0.0047732787526575,-0.0095542128048116,-0.013103224998427,0.0164709605959241,-0.001468746214182,-0.0036463121530201,0.0105296730078841,-0.0039062549670654
2022-08-05,0.0235467942738627,0.0093531469066481,0.0089125459588572,0.0255377837878385,0.0166472334331562,0.0116010581827623,0.0134829643536642,0.0319056494674234,0.014071813722424,0.0019550348358032
2022-08-08,0.0061412680220827,-0.0148498234865503,-0.010246768971994,0.0059608832715323,0.0005894488823781,0.0075836282100985,-0.0127051241173932,-0.0091081380517721,-0.0116102740179773,-0.0164099514348778
2022-08-09,0.0054274217353649,0.0031446566794715,0.004377207483722,-0.0169385157280412,0.0262866961505654,-0.0250360781613245,0.0117663572466577,-0.0202892442244255,-0.0024615397044467,0.0013227515156164
2022-08-10,-0.0033886850455164,0.0109290705321902,-0.0158870218665483,-0.0470833430368897,-0.0503813732206284,-0.0028208763416417,-0.0147946961390017,-0.0179232739138743,-0.0080421095360825,-0.0139769330246495
2022-08-11,0.0074400072646954,0.0268112574506567,0.0208122070451399,0.0255657111380611,-0.0001207364927511,0.0107704155169519,0.0077687054506192,0.0292458586442587,0.0111180885839772,0.0238421889627593
2022-08-12,0.0133870807824592,0.0268472500361882,0.0045248945982896,0.0204658305922911,-0.0075142760552866,0.0223382921229911,0.0195834270390067,0.0264430472163299,0.0061237178505288,0.0175158548868687
2022-08-15,-0.0033300064071872,-0.0200675630508095,-0.0067950431328287,-0.0092507597721511,0.0132932471106625,-0.0123741267263515,-0.034570496658091,-0.0235200546911191,-0.0055096558109695,0.0057710964919222
2022-08-16,0.0006668889877037,0.006734032181344,-0.0037950709685516,0.0118781916567627,-0.0261492552121964,-0.0062449607375727,-0.001310101065151,-0.0024727448814041,0.0146254892189792,0.0057379819530209
2022-08-17,-0.0033389012655145,0.0760768433498055,0.0156562662260157,-0.0161357819094036,0.0046717567142184,0.0018544279769594,0.0174143452085413,-0.0040595454938787,0.0209525773348779,0.0392696141044148
2022-08-18,-0.0100841190666263,-0.011818003377531,-0.0152761103575334,-0.0021356121304214,-0.0169464133382648,-0.0093067214324018,-0.0202149771808946,-0.0240148762038736,-0.0053460180783617,-0.0092109954270163
2022-08-19,0.0,0.0417725915107856,-0.0001900598694306,-0.018883755093654,-0.0111648904874899,-0.0037470769837884,0.0174627607708846,0.0126511175535584,0.013017935318321,0.0363456116729392
2022-08-22,0.0100841190666263,0.0026791710600484,0.0081401301348909,-0.040856036494012,0.0536621277113686,-0.0042323129246888,0.0404257399818321,-0.0038932832871494,0.0023487973217553,-0.0065652279978145
2022-08-23,-0.006711434587987,-0.0472528848505455,-0.0174975936209627,-0.1048878141600146,0.003580383345012,-0.0223978865091298,-0.0227548717032179,-0.041223635515986,-0.0112062511558161,-0.0144755241737857
2022-08-24,-0.0190352450415951,-0.0056258938821684,-0.0141051512525058,-0.0229455573498702,-0.028885928838422,-0.0192196647217648,-0.0177569972136826,-0.0062365277694609,-0.0143371631464073,-0.0024330912246415
2022-08-25,0.0230675085695337,0.033972071050909,0.0162134414440688,0.0156727980207906,-0.0205656405730723,-0.000245670066338,0.0786503653302519,0.000962001036191,-0.0486999155343812,0.0282216267954265
2022-08-26,-0.0169094323181417,-0.0040983663922826,0.0,-0.0073260400920731,0.0032491905616112,0.0056351980557618,-0.0101629330692514,0.0126599087237075,0.0,-0.0125113338891083
2022-08-29,-0.0061580762513919,-0.0054907481804162,0.000956846307814,-0.0187162610839588,-0.0266783633006513,-0.0078489488061048,-0.0149915696154181,0.0342970743640633,-0.0165608880470138,-0.0042054733053968
2022-08-30,-0.0117364136251585,0.0150276052036373,0.0003824823148561,-0.0147664701163008,-0.0041088912456714,-0.0131368849215971,-0.0042546292293748,-0.0011474470564771,0.0203439947027175,0.0202629102012554
2022-08-31,0.0006942034294761,-0.0088526284641963,0.0178136224560336,0.0036297680505787,-0.0390972004519012,0.006961738708799,0.0676801046426947,0.0188792142059361,0.0455183126562115,0.0204386676772743
2022-09-01,-0.01256999790967,0.0027322421368727,0.0345211943682333,0.016982772629146,0.0016042784189451,0.0132908675633474,-0.0040695721692509,-0.0036117420751478,0.0125487156093444,0.0005778676843846
2022-09-02,-0.0077601800366648,-0.0109740470319765,-0.0268497188184366,-0.0120542264279972,-0.0046863579106473,-0.0170143421395732,-0.0175415860853265,-0.0049875415110389,-0.0023781224049672,-0.0168952460428899
2022-09-05,0.0091646746495634,0.0231775883127056,0.0027919980910309,-0.0397846217101274,-0.0177379235983696,-0.1053328833335314,-0.0381469808289214,-0.0082154729533909,0.0217847885001707,0.0116823758543564
2022-09-06,0.0201465653907138,0.0053763570363805,-0.0063397564569656,-0.004786333923811,0.0241593503460313,-0.0215062052209638,0.0440024841503969,-0.0071289252130521,0.0388398333162642,0.0235304974101944
2022-09-07,-0.0055172553747544,0.0060140508697554,-0.0076988456507809,-0.0316823713891407,0.0049218589548098,0.0036635238945623,-0.0104073868676151,-0.0004616805252823,-0.0186604227174029,-0.0045480464979039
2022-09-08,-0.004158010148664,-0.0113904079061359,0.0060139252858615,-0.0276151670329731,-0.0318171891197165,-0.045756794806103,-0.0011018417610895,-0.0053247029383478,0.0034188067487854,0.0017079423451558
2022-09-09,0.0300980311572796,0.0512259066723053,0.038052564535794,0.0953101798043247,0.053086206707209,0.0301647000462668,0.0607959962630717,0.0002320993395592,0.0319086684538287,0.0493859019541176
2022-09-13,-0.0060831549534055,-0.0187404515278171,0.018762276455523,-0.0356699996108269,-0.0005197505314509,-0.0161293819298835,0.0101007236169916,0.0303988668385346,0.0016515280384732,-0.0207884948039445
2022-09-14,-0.0143396106804556,0.0289316225340057,-0.0099627225036744,0.026036973782995,-0.0088773428947313,-0.0199420098317735,-0.0297818318056242,-0.0079105396123857,-0.0149628726767123,0.0027601452797867
2022-09-15,0.007536863357703,0.0268850203298565,0.0073038536147302,0.0440743766892954,-0.0442372086633415,-0.0215577210749793,0.0193846581753449,0.0239894925354939,0.0324115160116584,0.0383934692070293
2022-09-16,-0.0432424413487066,-0.0205678799285951,-0.0218921357428234,-0.0427401536761586,-0.0206335645341884,-0.026684607401842,-0.0309384504276275,-0.0075606319684502,-0.0273989741881144,-0.0433672291151299
2022-09-19,-0.0143577484377028,0.0395113122738424,-0.0025431439683032,-0.0043427494341368,0.0129285181597831,0.0006215040597816,-0.0064427282221988,0.0152843821609733,0.0099503308531683,0.0213765333495579
2022-09-20,0.0086393625907077,-0.0220327149998826,-0.0269140669171266,-0.0250860612566752,0.0299342078180444,0.0024821607531539,-0.0283291799589537,-0.0063954347437271,-0.0346985005423623,-0.0443531675498025
2022-09-21,-0.0100865408461738,0.0024721891453887,-0.0125977035037263,-0.0338660396815018,-0.0004022256540121,-0.0178213251806358,-0.0137889244885931,-0.0257717344559971,0.0,0.0107133812964033
2022-09-22,-0.0249279769989279,-0.0370995077109976,-0.0258759046465564,-0.021174306254136,-0.0203203957525772,-0.022652109083578,-0.0352862482330245,-0.0171727173737443,-0.0039942991764601,-0.0175393463668034
2022-09-23,0.0096048023197337,0.0108315808903878,-0.0031116322266959,-0.0083773937399018,-0.0133638415122225,-0.0165938409812111,0.0054721967247388,0.0011540682181068,0.0011428572672502,0.0017108644036296
2022-09-26,-0.0275828146151422,0.0225573474240743,-0.00566463083232,0.0213505486612817,0.0185508583289832,-0.0128778401764919,-0.0010754913135944,0.0110118112041668,-0.0040057278169269,0.0079455582598191
2022-09-27,0.0238995691988459,0.0024752487885431,0.0122653148636717,0.023005792544636,-0.0106762579913421,0.0118931035139522,-0.0252307923139865,0.0700418306053212,0.0091324835632726,-0.0011312218400889
2022-09-28,-0.0238995691988459,-0.018715455811356,-0.0099174366573455,-0.0439906436337311,-0.1054063861653915,-0.0296638980759049,-0.0169510094198424,-0.0034093363516078,-0.0079863516326503,-0.0085252008233598
2022-09-29,-0.0007561437033238,-0.0075853713892568,-0.0131800865356863,-0.0210611886049636,0.0012224940397809,0.0016900460334992,-0.0027667318357957,-0.0231036941600106,-0.0179143767995073,-0.0137933221323356
2022-09-30,-0.0030303053491791,0.0361410050021238,-0.0238464360452796,-0.0154283398978312,-0.0175632306920539,-0.0016900460334992,-0.016498999380035,-0.0151868220914277,0.0388842582631001,0.0408219945202548
2022-10-10,-0.037886247348065,0.0378309898142781,-0.0124478701474903,-0.0359042618932741,-0.0402781573472346,-0.0474547909539797,0.0182291036178181,-0.0109266334069744,-0.0039336943110246,0.0176216013498198
2022-10-11,0.0287398421219888,-0.004725348426426,-0.0067992432536523,0.002355713692459,0.0131813514346141,-0.0078347979121526,-0.033305657369695,-0.0307366256481298,-0.0449125566808228,-0.0237514617253564
2022-10-12,0.0068676347754883,0.011186457540715,-0.0020695371624901,-0.0051110785531895,0.0106426228889544,0.0264612369661549,0.0185034715645597,-0.0104591307901373,0.0117097356729081,0.0133261272461315
2022-10-13,-0.0045731787019649,-0.0291080841580706,-0.0253868663731853,-0.0227237204402541,-0.0360341382305007,0.0230607362508026,-0.0195763371122614,0.0081443149416857,-0.0223670301468961,-0.0251339675572621
2022-10-14,0.0174180851904344,-0.0570520478344236,0.0195692725709379,0.0313579970007609,0.0097800290536396,0.0581597648026361,0.0081073097634964,0.0408683433881926,0.0130102367360147,-0.0246219137321284
2022-10-17,-0.0015026298845346,-0.0076874177426864,-0.0066903866534202,-0.0281373823007187,0.0037237960945128,0.0064000218454673,-0.0062305497506365,-0.0150176530771934,-0.0249864277827303,-0.0093186463498695
2022-10-18,-0.0030120504699917,-0.0207934717181728,-0.0048365145272639,-0.0162078102268532,-0.0112132482304163,0.0107869066238999,0.0176118539535927,0.0105583368804285,-0.0133416169375744,-0.01771002603805
2022-10-19,-0.0205721540752081,0.0136943776895597,-0.0479262878396462,-0.0045035900070105,-0.0188062289484571,-0.018793354517641,-0.0476109316735913,-0.0327078894943291,-0.0129034048359075,0.0047534254684276
2022-10-20,-0.0139537147738653,-0.019621296587327,-0.0187505493453761,-0.0291444441112225,-0.010041925389201,0.0038510959020974,-0.0383562419442728,0.0046072415060534,-0.0030969365105333,-0.0161342011953791
2022-10-21,-0.0149432587955757,0.0098587719316678,-0.0085992835861867,0.0138454068220532,-0.0198766418097875,0.0355551058596237,-0.0550237014962329,-0.01086088087906,0.0043330306110616,0.0101888804726195
2022-10-24,-0.0877319938688359,-0.0407129967546011,-0.0372771485537151,-0.0317486983145802,-0.0131262679142123,-0.0494240590105006,-0.0625203569813335,-0.0242222306722381,-0.0396902489392982,-0.0321142411015853
2022-10-25,0.0111829122397457,-0.0123373737598408,-0.0087667899476913,0.0539993072493998,0.0067573678249068,0.0103393489731367,-0.0344578799236883,-0.004054865424623,-0.0006428801250026,-0.0055572850648664
2022-10-26,0.0042680389159732,-0.0365209126208645,0.0104167608582552,0.0662180390527882,-0.0001726966587485,0.0297678724571333,-0.0295933047844405,0.0021487414260037,-0.0313546259868391,-0.0417253952398883
2022-10-27,0.0260628455367135,0.0198306781804857,0.0028222031902234,0.006083668953615,-0.0036335363101516,-0.0046911735758801,-0.0140847398817394,-0.0100671991177239,-0.0120161659424864,0.013466057925485
2022-10-28,-0.0175810304808043,-0.0155480163884851,-0.0436834511108092,-0.0191356776564686,-0.0455712215633949,-0.0315262536467737,-0.0235277291866324,-0.0209355260711276,-0.0376370115244433,-0.0238490194705396
2022-10-31,-0.0118947876521491,-0.0685351008220562,-0.0143318489677355,-0.0547973520820184,-0.0116789648641462,0.0663364832586732,-0.0313148963019225,-0.0086473670411826,-0.0588827645566563,-0.1051431007205634
2022-11-01,0.0294758181329535,-0.0192535789661354,0.0347308078804293,0.0953101798043247,0.042934299477451,0.0403495850414765,0.0439710472572034,0.0576132318172333,0.0248369231469394,-0.0138637754997845
2022-11-02,0.0090872166013569,0.0411329881473925,0.0114724011622366,0.0270880398278641,0.0462162464971003,0.0449194332633573,0.0385061980660603,0.0383734617122959,0.0036010121735943,0.0261073566054959
2022-11-03,0.0081900539700443,-0.0295364144324516,-0.0119532859995876,-0.0050688015839468,-0.0062315991131747,-0.0307716586667532,-0.0187220080278924,-0.0047452354321975,-0.0196013535200356,-0.0224403191262263
2022-11-04,0.0313152846654642,0.0589502996387452,0.03567166919788,0.0247368770261178,0.0781304746570379,0.051135598467964,0.0354329896264768,0.0334106799910087,0.0289037461823489,0.0288620322398749
2022-11-07,0.0334271308555229,-0.0050853723832795,-0.0006964596915297,-0.0146248370872421,0.0199558018388703,-0.0223119020145099,0.0098501156105665,0.0184487055523328,0.013442013504096,-0.0014234877848542
2022-11-08,0.0091324835632726,0.0209016618265645,-0.0013943762426547,-0.0064888475694555,0.0136905089322896,-0.0262467444189486,-0.012634546879954,-0.012987195526811,0.0021060028843891,-0.0028530689824064
2022-11-09,-0.0076045993852194,-0.0078768756710925,0.0009298001599664,0.0150756624054473,-0.0130780452781724,0.0082586258944394,0.013735262456139,0.0004356349448118,0.0201325786313515,0.0246926125903717
2022-11-10,-0.0015278841780532,0.0014367818563627,-0.0016277180666253,-0.035905942329717,-0.0172923870467016,-0.0151453102137413,-0.0092838863100075,0.0017406444777838,-0.0152357517774208,0.0027835786936463
2022-11-11,0.0241703609278132,0.0605823929783548,0.0600631971524077,0.0953773186811171,0.0320309353858592,-0.0005760368822875,0.0830617709875518,0.0381750161009719,0.0951198425896522,0.0953733529936444
2022-11-14,-0.0127677288300014,-0.0081411575836995,0.0464602445580988,0.0901395216474707,0.0063148608586747,0.0154376993845826,0.0639252123173657,-0.0190119794885719,0.0391963083260056,0.0286445487210329
2022-11-15,0.040731287458648,0.0162165715892452,0.0262222106044021,-0.0076982674257521,0.0098434799279152,0.0048111030964097,0.0237756877794534,0.0236048894413536,-0.0024434954124759,-0.0117321506235366
2022-11-16,-0.0050927720112889,-0.034086462918812,-0.0125091347134325,-0.0377997757134473,-0.0318157253312803,0.005630645506828,-0.0252146059614393,-0.0077365780557494,-0.0304276811365609,-0.0283483550042551
2022-11-17,0.002913330538357,-0.0027777795639023,-0.0103713852290661,-0.0096774948820654,-0.0287532435369248,-0.0042200090759849,-0.0086772623130446,-0.0109752051437679,-0.003157564985321,0.0031897953681001
2022-11-18,-0.0087655784041391,-0.009081445578241,0.0002084853546588,-0.0048740957582453,-0.0075973774739406,0.0804113153165611,0.0104995425852152,0.0059246893576996,-0.0101717342352185,-0.0083147265083551
2022-11-21,0.0160119869249064,0.0076896569054185,-0.034570296509742,-0.001629992210931,0.0168574295176515,0.0025980788841288,-0.0261141859814575,-0.0189548854650252,-0.005124931140255,0.0044857492712582
2022-11-22,0.0150486537491714,-0.0055866067086398,-0.0008635579120421,-0.0224357810536486,-0.0144770427711939,-0.0511021237398559,0.0121225455609303,-0.0006452306923501,0.0019249284095841,0.0051020518838953
2022-11-23,-0.0042765567672606,0.0027972046210615,-0.0004320587667123,0.0079761140700087,0.010877383199193,-0.0352961469037826,-0.0191304210550979,-0.0028008205317915,-0.007076259826714,0.0063411753384472
2022-11-24,-0.0014295928095942,-0.0013976242666382,-0.008026944064345,0.010536811348206,0.0010969208966367,0.0198858254325893,0.003263290905803,-0.0006474587471241,0.033643287211436,0.0069291615824491
2022-11-25,0.0014295928095942,0.0570807107434414,0.0168470507217146,0.0625302825889053,-0.0132431385245839,-0.0286939517069804,0.030241985749833,0.0030178940775229,0.0780239614940758,0.0555528848922235
2022-11-28,0.0014275519911857,-0.0139676364582039,-0.0086040539396661,-0.0126956342139261,-0.0193900794903187,0.0124788913731879,0.0208538362832051,-0.0099503308531678,-0.0116145324206931,-0.0307531018318067
2022-11-29,0.0246578184844894,0.0642035688651381,0.0449869964667333,0.0601662468393491,0.0093413467160115,0.0459946137223896,0.0714913112625508,0.0329300654429527,0.0952039719554651,0.0917968058643352
2022-11-30,-0.0006961364708555,-0.0397233520178472,-0.0114239481054951,-0.035542041760149,0.0020818327640643,-0.0013468015503788,-0.0492269407651511,0.0050356799656157,-0.0096051965792365,-0.0723904964202564
2022-12-01,0.0013917886728225,-0.0204695162838834,0.0091495751618979,0.0033389012655145,0.0467235986974854,-0.0237294647064039,0.0082229791804326,0.0612892126867725,0.0185928330766156,-0.0048163849879809
2022-12-02,0.0013898542890542,-0.0249928577928737,-0.0056045813545324,-0.0009095043828404,-0.0352712705706848,0.0074247556814603,0.0157981168765903,0.0187212956082087,-0.0326319405502104,-0.025673781769806
2022-12-05,0.0374830932547407,0.0,0.0339709358908,0.0389640366459391,-0.0068237985963692,-0.0019196495679736,0.0473176455769079,0.0382840006480735,0.0284125250075026,0.0092450581440512
2022-12-06,-0.0168638060520049,0.0,0.0060180723255629,-0.0029214160421342,0.0006367399132676,-0.0454879091971247,-0.0160168756012835,0.01329905082848,0.0136485058315596,-0.0129671468084251
2022-12-07,-0.0088828735775772,0.0,0.0246926125903717,-0.0348301318223431,0.0328719532872794,0.0034413569953928,-0.0061822653260703,-0.0129272345014599,-0.0360973373710131,-0.0245372486500294
2022-12-08,0.0041095948249196,0.0,0.0097088141269607,-0.0146478053798415,0.0043024036864736,0.0556781700457311,0.0047054809721984,-0.0114030584135123,0.046470874378341,0.0157981168765912
2022-12-09,0.0081688677537958,0.0,0.0480997947944112,0.0671672486785905,0.001991269709058,0.0018936837797527,0.0356097907233303,0.0043147989275884,0.0542301540608605,0.0308666479805275
2022-12-12,-0.0316830908440528,0.0,0.0023912455062187,-0.0057653662147729,-0.0188451669094602,0.0131563181035962,-0.0429390269176925,-0.0128110267566738,-0.050624690459025,-0.0434851119397388
2022-12-13,0.0055827081491575,0.0,-0.0088577807419647,0.0132109905315216,-0.0160330375646227,-0.0032059872504279,0.0189969715149667,0.0037850158738144,0.0015412281499336,0.0132452267500204
2022-12-14,0.0055517144675074,0.0,0.0172734908576539,-0.0198825163645444,-0.0103528837412154,0.0326430667787525,0.0129761083148016,0.0144400071184129,-0.0118772374805957,-0.0119761910467155
2022-12-15,-0.0146395085746111,0.0,-0.0232225695669638,-0.0223670301468961,0.0218536012866206,-0.0342499230430788,0.0043163707995397,-0.005788457951219,-0.0067761531105379,-0.0031756139738865
2022-12-16,0.0153313107467889,0.0,0.0068754335694407,0.0194524259268149,-0.0456700368331883,0.0706175672139535,0.0243609277209166,0.0037383221106073,0.0135066988393646,0.0189041546391526
2022-12-19,-0.0259208908200299,-0.046910946054258,-0.0059435539008481,-0.0061484603004524,0.0008194706678361,-0.0735701931679186,0.0261931356444078,-0.0152272892412317,-0.0015491869868289,-0.015728540665266
2022-12-20,-0.0215216341053783,-0.0158962884874949,-0.0401003846005587,-0.0459747479159111,-0.0297636069609605,-0.0113545421029259,-0.0489507551445642,-0.0152703864399001,-0.0336342791897927,-0.0243914531241591
2022-12-21,0.0,-0.0273180516713797,0.0021307514114785,0.035642552678706,-0.0141074830556453,0.0073141325659205,0.0023580944058236,0.0118548233470914,-0.0005346164254573,-0.00064998377329
2022-12-22,0.0,-0.0188898703328912,0.0100116354142469,0.0220111601013517,-0.0025709158046121,-0.0371176629565024,0.0193274926657647,0.0466064109626871,0.0016029925954561,0.0051880790817779
2022-12-23,-0.0102041701742416,-0.0038211739273235,0.0034423441909727,-0.008746411442869,-0.0167867574342892,0.0376573283770476,-0.0001650301183708,0.0032602818228859,0.0026659573241198,0.0128536474033809
2022-12-26,-0.0117908514113045,-0.0263785659363091,-0.0169430314098755,-0.0183220255386618,0.0135207467958462,-0.023472693385091,-0.0015691459634563,0.0,-0.0220735745530826,-0.0344301627623924
2022-12-27,0.0227199219434948,0.002355713692459,0.0275773891292647,-0.0029868600461298,0.0039522347175244,-0.0288575844681377,0.0213426474702043,0.007745693053156,0.0075922273583719,0.0085554980560464
2022-12-28,-0.0309075374630767,0.0224902848940717,-0.0169544017379772,0.0083408288139623,-0.0315329670816693,0.0053862639079773,-0.0091844429903948,0.0119505569225681,0.0037746068002859,0.0071825316941933
2022-12-29,0.0111483874826143,-0.0264195630339609,-0.0061669110455544,-0.0362467949301557,-0.009424805249127,0.0078851436429157,-0.0055678519341766,-0.0251359732715421,-0.0228643602125449,-0.0237009119051339
2022-12-30,0.0132160513915264,-0.0055270571021459,0.0013522652500137,0.0320850766761298,-0.0060932088160665,-0.0115673457923262,-0.0021371042163105,-0.0003637024953713,0.0022002209096023,0.007962882154894
2023-01-03,0.0166369117581544,0.0149315151301241,0.0015432101828056,-0.0041791105599364,0.0101941328124439,0.009320784892385,-0.0155903315283261,-0.0216960155693612,0.0016469946078219,0.0189858403349187
2023-01-04,-0.0043134502537194,0.0553800958331862,0.0354103075595291,0.0513082509014863,-0.0105537157001736,0.0028074134104363,0.0194502303788741,0.0059303361348486,0.0450478309217561,0.03817257350503
2023-01-05,0.0028776998276152,0.0073529743052587,0.0213518142830086,0.0146688102728633,0.0588353621876578,0.0232761962967451,-0.010878630442396,0.0042408102646311,0.0135418736079118,0.0210013895343879
2023-01-06,0.0057306747089849,-0.009569451016151,-0.0165262666859811,0.010307933588066,0.0131381374374317,-0.0112933303287103,0.0279452779197004,-0.0077577042180827,-0.0057068896780929,-0.0141584390374838
2023-01-09,0.017699577099401,0.0132257622192613,0.0018497970498443,-0.0072322985618571,-0.0033523330087534,0.0019371806251715,-0.0292719779484604,0.0210997645113186,-0.0231589297620296,-0.0181425057508377
2023-01-10,0.0014025247740856,0.0130531222445791,-0.0113373577526831,0.005290281028218,0.0261821086468803,-0.0111204926930801,0.0249111537882802,-0.0040021883509968,0.0010643960557867,0.0037807228399064
2023-01-11,0.004893403682729,0.049887407456036,0.0185190477672376,0.0121447807938834,-0.0055765274905672,-0.0115283155014838,0.0252530600157347,0.0061784677735925,0.0100556549882906,0.0242323133877677
2023-01-12,-0.0027932979056126,-0.0249839504329334,0.0049418971264318,-0.0055020771539835,0.0396634289053814,-0.0128079166524979,0.0072338733439272,-0.0164387263431602,-0.0207509441050386,-0.0242323133877677
2023-01-13,0.0166439348395117,-0.0014064699927516,0.0213158359623042,0.0479359406394843,-0.0031665637605877,0.0285209223170541,0.043613456717324,0.0320766831956915,0.0096308930609612,-0.0044122353332651
2023-01-16,0.0,0.0111967579819243,0.0307987387561192,0.009942520417645,0.002375862367292,0.0266462681745851,0.0242296890093225,-0.0001783643989394,-0.004268949919576,0.0081787181287418
2023-01-17,0.0006875215121282,-0.0055827081491575,0.0051858370323651,0.0178046246335066,0.0099174366573464,-0.016673886361648,0.0355960644212194,0.0032057017657676,0.0021367529497351,0.0056232575543622
2023-01-18,0.0027453689171927,0.0027952498983045,-0.0069204428445734,-0.0180650073976389,0.008112368982629,0.0041259857735362,-0.0481192483441992,-0.0217497564307418,-0.013971210596738,-0.0195036065867677
2023-01-19,0.0,0.0234493503148098,-0.0038267571486265,-0.0028686941044777,0.0006213109861255,-0.0038503897954935,-0.0525034992940929,0.0440803546539951,0.003780722839906,-0.0025445306349949
2023-01-20,0.0109067202511345,-0.0151101775964495,-0.0052420179445835,-0.0039251653169301,0.0092736367853287,0.0005509642012655,0.0048320567870998,-0.0043565460556935,0.001615944332248,0.0063492276786587
2023-01-30,-0.0006781960246384,-0.0034662079764862,-0.0253717148870817,-0.0123995784683232,0.0187462626012511,-0.05113386138893,-0.0136993805542093,-0.0294190984134328,-0.0267264339784882,-0.0178804252778483
2023-01-31,0.0006781960246384,0.0307716586667536,-0.0081191244385037,-0.0147081137859501,-0.0075780902214033,-0.0140107370695985,-0.0089466571975922,-0.0351427085931099,0.0109951629955702,0.0134402023151136
2023-02-01,0.0081026776862347,-0.0293837333919055,0.0054200674693385,-0.0141076675106792,0.0323333060380708,0.0061538655743782,0.0030968381441862,0.0369396542698119,-0.0054824698727431,-0.008940034000501
2023-02-02,0.0153489833488151,-0.012561225872973,-0.0281399894128333,0.013029500290334,-0.0076889333409866,0.0037906445739608,0.0010301518403785,0.0107143882124063,-0.0005499037806981,0.0038412339164768
2023-02-03,-0.0261672092075326,-0.0205753977164553,-0.0121191005048855,-0.034292209380792,-0.0254053498283957,-0.0055450309888542,-0.0098695484358133,0.0,-0.0116183879538653,-0.0206592241024394
2023-02-06,-0.0157591476557756,-0.0210076541247303,-0.0394083128161519,-0.02801937933256,-0.0142607645645256,-0.0153350100364639,-0.0194651382593713,-0.0251811866301601,-0.0391539374195577,-0.0204290465477341
2023-02-07,0.0143986032282152,0.0217242431915822,0.0048661896511728,0.0119830249854215,-0.0035584473226393,0.0032636136370198,0.0076373461903234,-0.0139400643293292,0.0160738248310607,0.0171621374023858
2023-02-08,0.0006805035989048,0.0191563147675344,-0.0095601157348554,-0.0085446261823891,-0.0010855238718114,-0.0026694365547732,-0.0042989886543969,0.0016609766668138,-0.0034227072775019,0.0168725612011271
2023-02-09,0.0108255455049226,0.035890670684068,0.0101424704052979,0.0178601487347664,0.0018601772531789,0.0017804159005754,-0.007506562663563,-0.0001844167824498,0.0096674054021366,0.0089686699827602
2023-02-10,0.0,0.0040595454938783,0.0017450319503349,-0.0130092332443654,-0.0241391031133568,0.0005927682449802,0.0247525376840229,-0.0003689356249187,0.0,0.0063573004954666
2023-02-13,0.0350449085611748,-0.0020277127596517,0.0157604646050311,0.0518624463664885,0.007429102373627,0.0029585820397453,0.0464437467106293,0.0480870528731074,-0.0005660911557914,-0.0133973295718212
2023-02-14,0.016752969135374,0.007414931175862,-0.0043956114730381,-0.0073240528126485,-0.0026807553703065,0.0085307180080103,0.0306445308650031,0.0101470429760563,0.0028272566189286,0.0019249284095841
2023-02-15,-0.0174029529086641,-0.0196683179816266,-0.0166091110478934,-0.0402776286929853,-0.0196131615889063,-0.0020524856934192,-0.0241065723475761,0.0083203808137684,-0.0211134804423465,-0.0312525435041042
2023-02-16,-0.0150674321221195,-0.0103271141558498,-0.0013641237621526,-0.0105429100216456,-0.0229670490916689,-0.0035283776681698,-0.0151940315625349,-0.0175886118868815,-0.0005768676248814,-0.0046403795565019
2023-02-17,-0.0152979371797634,0.0034542348680877,0.0019481790693229,-0.0002864919085632,-0.0131024347263606,0.0032348212298369,0.0134496907463441,-0.0091776147176378,-0.0139456066000152,-0.0033277900926749
2023-02-20,0.0464895496577701,0.0325673286625445,0.036687339490061,0.0578903967505972,0.0046635660804961,0.0049787773075515,0.0746445997064331,0.016354888416278,0.0271300910794711,0.0171848247541008
2023-02-21,-0.0032041039907828,-0.0127647013663647,0.0044927069204074,-0.0056949306457982,0.0074497488817399,-0.0005844535525807,-0.0211448450327988,-0.0117555525179211,0.0039784082028084,0.005880448176895
2023-02-22,-0.0012845216923564,-0.0143005501421962,-0.0142967070170283,-0.0309331484528754,-0.0221805140799595,-0.0035139128397014,0.0076694638199361,-0.0101109508821242,-0.0114091368778495,-0.0104781574255246
2023-02-23,0.006406171812411,-0.0041237171838623,0.0111164592706756,-0.0056258938821684,0.0092321260003025,-0.0085432836608387,-0.0060877538057981,-0.0219907924493618,0.0022922646140357,0.0026298502993888
2023-02-24,-0.023256862164267,-0.0048325948382088,-0.0073343065019297,-0.0104920854741541,-0.0173594988781333,-0.003556613114847,-0.0053302726504398,-0.0150572069856669,-0.0144136251463806,-0.0205645721314553
2023-02-27,-0.0078740564309058,0.0137459209046353,-0.0110078925169272,-0.0348062977201286,-0.0100812472768208,-0.0128494222722626,0.0241886860049804,-0.0199950602412934,-0.0023255824434751,0.0066800515603735
2023-02-28,-0.0019782400121055,0.0122118206867645,0.0011443831117312,0.0158129209995396,0.0148302385630243,0.0134430702564527,-0.0017639799952409,0.0223973528130252,-0.0023310033864758,0.0046496264437689
2023-03-01,0.0299112025719621,0.0226676372106,0.0403491416068311,0.0479320445059729,0.0030410565757792,0.0079799448141764,0.0002824459840837,-0.0053669047115434,0.0046565858299509,0.002647255020507
2023-03-02,-0.0012820514576552,-0.005950430780631,0.0042020706756806,0.0151164071221923,-0.0170129996608281,-0.0059049477750159,0.0094860705010528,-0.009696141599552,-0.0288679840008518,-0.0139769330246495
2023-03-03,0.0012820514576552,-0.0140236021077462,0.0063607665618103,0.0002727396716757,-0.0030933174691378,0.0029568324322037,-0.0373342497117317,-0.0069568767937315,0.0047704324217914,0.0093396275961326
2023-03-06,-0.0135442251077568,-0.011498266687373,-0.0251320207101839,-0.0206647386492355,0.0044650597967192,-0.0077060250926659,-0.0305901869304783,-0.0215513251888133,-0.021648470209143,-0.020121403199421
2023-03-07,-0.0104439591610834,-0.0227047936937569,-0.0181840233967229,-0.0205322921005053,-0.0220017536784169,-0.0134793114699203,-0.0151592329404968,-0.0159350437526342,-0.0196445850742637,-0.0150173470669532
2023-03-08,-0.0026281224062696,0.0,-0.010841760976104,-0.0279516828694461,0.0038461585874776,-0.0124413681858333,-0.0015971406977222,-0.0094470295187827,-0.0024829311328256,0.0041180566089176
2023-03-09,-0.0165841280155349,0.011072777491258,0.0078103073472775,-0.0064497438478858,0.0236238247111355,-0.0009164503467147,-0.0123302347151872,-0.0015832182210675,0.0018627760741907,-0.0110193952496109
2023-03-10,-0.018906707681805,-0.0250884238796023,-0.0298529631496808,-0.0402094370738428,-0.0237983295540873,-0.0107544437963933,-0.0006166654014894,0.006908149450429,-0.0181538631855615,-0.0104421415229039
2023-03-13,0.0081466845678179,-0.0120697240873308,0.0176344071687837,0.0369688980766413,-0.0131754211585644,0.0024683752119463,0.0,0.0444346584667036,0.0006315124933586,-0.01196775987668
2023-03-14,-0.0232568621642674,-0.0122171839385916,-0.0176344071687837,-0.012470470395725,0.0007070885923026,-0.0127153209499404,-0.0041724678058008,-0.0199531560286354,-0.0056980211146373,0.0021223920241508
2023-03-15,0.0151101775964495,0.0007228045128568,-0.0135815491847237,0.001194386525984,-0.000353481799368,0.0096288987467509,-0.0064473754236447,-0.014500012384754,0.0069598509350594,0.0133382110822273
2023-03-16,-0.0158024586902105,-0.0174931574475172,-0.0083582576142013,-0.0555272208659842,-0.0328841057425313,-0.0102533133783411,-0.0005456600673259,-0.0180787002859332,-0.0069598509350594,-0.0013956736389744
2023-03-17,0.0013840832659388,0.0182154398913412,0.0057786351895581,0.028302308917993,0.0016427858034244,-0.0043818536465543,-0.0169062410800044,0.0039580498931837,0.0094787439545438,0.0062652484789311
2023-03-20,0.0359970953838875,-0.0167459319119815,0.0021831903084499,-0.003378900465536,-0.0217560203392497,-0.014216003112538,-0.0136534517490005,-0.0388652558932736,-0.0113853222251254,-0.0055671681713502
2023-03-21,-0.022260615656001,-0.0095906305017017,0.0323804376626029,0.027914433831556,0.031917602968305,0.0207816043122894,0.0301697532646958,0.0358981881444133,0.0012714559881965,-0.0112281881374913
2023-03-22,-0.0213727542528752,0.0313779846866091,-0.0077071672449378,0.0195561787938669,0.0242565843164994,0.0028006864424714,0.0107069065352423,-0.0159747806077343,0.0101138662369288,0.0223317026300016
2023-03-23,0.0335762955336043,-0.0072098365667496,0.0023183936195803,-0.0047058910374122,-0.0097388994618663,-0.001866252485676,-0.0006175698822188,-0.0052472370647591,-0.0025188930194843,-0.0041493835468116
2023-03-24,0.0,-0.0249097128553628,0.0051968166231364,-0.0187477593367688,-0.0023158467640644,0.0012445552322044,-0.0123539895282913,-0.0093515623563935,-0.003157564985321,-0.0062565376143051
2023-03-27,-0.0026990569691651,-0.0187201273572967,-0.0046180570815641,-0.0252484895004885,-0.0044686820274053,0.0043437859178454,-0.0294337221119231,-0.0237688155660582,-0.0217399866364056,-0.0133382110822273
2023-03-28,-0.0074601905842834,-0.0098747479197585,-0.0147661513328296,0.0076722794638475,-0.0241150295131689,0.002473718020878,0.0075399410708394,-0.0058737320120942,-0.007787190551769,-0.0128024508203763
2023-03-29,-0.0137082338531948,0.0106303203017565,0.006049389118413,-0.0055181010650326,-0.0062592251480073,-0.0074395879401225,-0.0237740638327226,0.001261564507101,0.002602473817582,0.0106800587962254
2023-03-30,0.0252142829570223,0.0224057169752667,0.0580119189344636,0.0462544911876152,0.0064427282221988,-0.0028041769426874,0.0247325303597714,0.0150159234332964,0.0135529664047031,0.0203301779463349
2023-03-31,-0.0169668135270053,0.005891033237237,-0.0121907678942547,-0.0174689860516008,0.0091324835632726,0.010552549816559,-0.0364208682175117,0.0162204562341594,-0.023347363996991,-0.0196222133149945
2023-04-03,0.0369541544516178,0.0310830950583889,0.0162215538573526,0.0446854893452997,0.0094101309660779,0.0064625551894237,0.0529684925457107,0.0189636507982355,0.0110930990735242,0.0340902576251962
2023-04-04,-0.0072823890193407,-0.0042796071023651,-0.0010976949510546,-0.0103360093306617,-0.0248006875945296,0.0197424787292015,-0.0027521149668743,-0.0088318518678285,-0.0170161173766461,0.0020498811414437
2023-04-06,0.0053015366053794,0.0007145409378686,-0.0112288340431567,0.0120483385161742,-0.0141318826378702,0.0074906717291574,0.0019665689720405,-0.0052557226296712,-0.0072872134336847,-0.0027341097004685
2023-04-07,0.0059308246332752,0.0602884308568052,0.0121436634912792,0.0264506135086972,0.0098761633829864,0.0159908648741526,0.0358904042926369,-0.0140833024691966,0.0505616438178142,0.0336505505220401
2023-04-10,-0.0092409898537297,0.0087044406301464,0.0014619885644986,-0.0114510398027989,0.0049939990964649,-0.0058927689671506,-0.0082981710231333,-0.0049454046804111,-0.0076142499852456,0.0026437556707303
2023-04-11,0.018397365139716,0.0106101791120156,0.0195304580338691,-0.0187133331520743,0.0308834717154526,0.0,-0.0025259303873772,0.0100709925292235,0.021424890084106,0.0072344939009325
2023-04-12,-0.0098136214483242,0.0026350476380048,-0.0061074377017282,-0.0138330736061269,-0.0165948974239533,-0.000886918018228,-0.0201276341211169,-0.0347481125728008,0.0006232471376566,-0.0045977092486295
2023-04-13,-0.0165731337248704,0.0006576784189711,-0.0248097365662331,-0.0442011740161438,-0.0198390048221486,0.0017730501098855,-0.0195836959928206,-0.0117134764896702,-0.0125393492527354,-0.0013175232472404
2023-04-14,-0.0073801072976227,-0.0145697941566953,-0.0037009664745712,-0.0042553255701385,0.0337469324252768,-0.0014773233592459,-0.0072832368051258,-0.0002142474566309,-0.0025268491019088,-0.0066137807220369
2023-04-17,0.0492710490067827,0.0073114317063724,0.027068221723248,0.0081905508695161,0.0062584021884228,0.0041310179727123,-0.0054772589610943,-0.0148950406266887,0.0075614727005763,-0.0140329733487907
2023-04-18,0.0290607942631244,0.0039656363933469,0.0242436116099931,-0.0078859977987897,-0.0007132667920091,-0.0053144500634925,0.0376475889966565,0.0176766835885655,-0.0018850146957709,-0.0094659259888829
2023-04-19,-0.0100125992924295,-0.0274172974283968,-0.0124049083184907,-0.0400736955970053,-0.0044694809362999,-0.0143115143932561,-0.0443739809039334,-0.0220358883991806,-0.0267702410646051,-0.0233687610078296
2023-04-20,-0.0229017642866846,-0.0054384906309383,0.0169735333797058,-0.018554595002111,-0.0164397162848572,-0.0114770211775288,-0.0119428822378058,-0.0092166551049239,-0.0032352017865115,-0.0076789208041554
2023-04-21,-0.0569313217531317,-0.0075265493863505,-0.0033365559094953,0.0210870433324461,-0.0256447961922714,-0.0134558605153922,-0.0079313039692774,-0.0101928646712878,-0.0084608379766795,0.0069832686021884
2023-04-24,-0.0006814310314791,-0.0392207131532815,0.0031612249719028,-0.0700548144903727,-0.0706494742278014,-0.0058669305232932,-0.0329695558508014,-0.0082746754145976,-0.0264916154469765,-0.018967902706811
