date,603259,002841,300015,002074,000408,603806,600089,600132,300347,300760
2019-08-12,0.0364553096395026,0.0045183892850753,0.0067774989140869,0.0129815756391526,0.0387979695409828,0.0114714474920134,0.0060606246116909,-0.0062455163377306,-0.0062928210621477,0.0041070375091871
2019-08-13,0.0184674748614597,-0.0075420309509741,-0.0032216522710055,-0.0112409311613688,0.0363298905134845,0.0108509079458851,-0.0075815374523977,0.0055268673668087,0.0158411859308418,0.0122208655882936
2019-08-14,0.0199848503034774,-0.0229735129749766,0.0179090171875655,0.0121004069340875,-0.0040858075225802,0.0073314111373052,0.0015209128407067,0.0014367818563627,0.0478150300112263,0.0126186562661825
2019-08-15,-0.0272724499664649,-0.0022560641266826,0.0031645596029630002,0.0204088716312069,0.003065919621835,-0.0065958465583513,-0.0030441423812284,0.0014347204756606,-0.0105079775984151,0.0001211460417014
2019-08-16,0.0504884064796105,-0.0014126291372979999,0.0072407053318288,-0.0025284463533585,-0.0071684894786128,-0.000980873055592,0.0030441423812284,0.066776159126499,0.0057930470092655,0.0085040167509431
2019-08-19,0.0287888284771691,0.010266597454553002,0.0062539290762995,0.0315640821179408,0.012257558986084001,-0.023080811160971,0.0225403983194105,0.0035698386862249997,0.0199296085906324,0.0166169214620639
2019-08-20,0.0333563580395903,-0.0146584724745686,-0.0024968801985871,-0.0008179959556318,-0.0091790547589964,-0.0022621600698822,-0.004467617259716,-0.0017833263754276,0.0100726417131662,0.00718030275792
2019-08-21,0.0041737376357833,0.0045332277660277,-0.0072134545183017,-0.0123509186340089,-0.0590889163700065,0.0952186717515526,0.0029806281381377,-0.0127990969188425,-0.0282533866191592,-0.0119761910467159
2019-08-22,0.0073915917161375,-0.0065229953355325,0.0325156373805199,0.0148029018812958,0.0065005646030935,-0.0268970538558401,0.0014869891215782,0.0127990969188425,0.0156036452922485,0.0096276695351393
2019-08-23,0.0646596378336559,0.0131441366618174,0.0225947253299989,0.0578837742852078,-0.04981660871,-0.0341852338724737,-0.004467617259716,0.0057842207987945,0.0447434200473715,0.0305650095526495
2019-08-26,-0.0058302120691626,0.0952846503880531,-0.0014905353780614,0.0092025189311617,0.0179982361226165,-0.0288659489346256,-0.0120121564480035,-0.0292615970768586,0.0197090832844608,-0.0023402505044263
2019-08-27,0.0148724100325967,0.0685672852354759,0.0145123234052215,0.0030487828493588,-0.0011154490838656,0.0134263578317859,0.0045214847188459,-0.0121798587168284,-0.0187225656115552,0.0425691387272122
2019-08-28,-0.0006002761450432,0.0150236456798289,0.0026427852703672,-0.0053414854203337,-0.0078431774610256,0.0366145882392987,0.0030030052597693,-0.0018514238105025,-0.0060990875622586,-0.0037859088867433
2019-08-29,-0.0062643259905561,0.0045686250612151,-0.0240403327025373,-0.0350366705230635,-0.0296825444304764,0.0073538464486078,0.0104400649966833,0.0013888891121545,0.0044543503493796,-0.0156794259013599
2019-08-30,0.0466298695293243,0.0005842145401890001,0.0146118597927205,-0.0200086707086706,0.0011580777206274,-0.0002363786797441,-0.0240251795869896,0.0027720045470105,0.0041067819526539,0.0397939925525019
2019-09-02,0.0082702056486718,0.0278755667184205,0.0114791547475463,0.0152429746356559,0.0023121397583794,0.0238273360805578,0.0120847392150718,0.0027643417741498,0.0305133043821008,0.0185549862022407
2019-09-03,-0.0407409713404316,0.0023827094724326,-0.0041055776143861,0.0031796529173795,-0.0151253610707562,-0.0231183675999577,-0.0015026298845348,-0.0272839589484688,-0.01910323764407,-0.0287489743199351
2019-09-04,-0.023873812904897998,0.001245823820458,-0.0023536345081089,0.0327898228229912,0.0,-0.0007089684806,0.0119582889888736,0.0004727014978116,-0.0337897823674167,-0.0087118050712922
2019-09-05,0.003045996872296,0.0010181572235401,-0.0079846646305794,-0.002306806097915,0.0379574031134022,0.0004727014978116,0.0059259432675471,0.001180777088424,0.0008378718546309,-0.0029026006851671
2019-09-06,-0.0004867364418315,0.0061996478795256,0.0065108250122785,-0.0116145324206931,0.0067491819749281,-0.0071140921331891,0.0044215252578774,-0.0075811782195107,0.0021751870033837,0.0058513277712508
2019-09-09,-0.0006087538996055,0.057426822459349006,0.0126045930831959,0.0246166276353561,0.0111483874826143,0.0021395467569815,0.0058651194523979,0.0129948668563679,-0.0006687845091271,-0.0061255934266819
2019-09-10,-0.0010966917567847,-0.0286287309132236,-0.0008742532977064,0.024766744322492998,0.0011080333543618,0.0061553224646315,-0.0029282597790882,-0.0070671672230928,0.0,-0.0131428254391945
2019-09-11,-0.0143675339407973,-0.0012017262603158,-0.0099619927287473,0.0313779846866091,0.0674412807955326,0.0077583555961111,-0.004408530284766,-0.009262624115252,-0.0201037263098458,0.0016662042177495
2019-09-12,-0.0026007817000568,-0.0135367719415899,-0.0026536946134663,0.0401321014263174,-0.0209212651606396,0.023835445190249997,0.005873732012094,0.0080798918662026,0.0214408483542936,0.0003329079540268
2019-09-16,0.0040839113749644,-0.0051099866802735,0.0088183992975201,0.0164274741419481,0.0,0.0208199418976788,0.0,0.0026001669300228,0.0028354618279999,0.0090568323958128
2019-09-17,-0.0068158142288954,-0.0110869605345929,-0.0156322310224532,-0.0331293237598795,-0.0031762864184208,-0.0114879064939175,-0.0192171471857782,0.0004720321069475,-0.0021675706694272,0.0003847528010743
2019-09-18,0.0303721606721216,0.0016877641137202,0.0255333020051646,-0.0148465081169946,-0.0192725451210322,-0.0148353742190434,-0.0014936522567834,0.0368310303525656,0.0163897386200178,0.0146744580193303
2019-09-19,-0.006049625225823001,0.0137332588810936,0.030253448850452003,0.026705733259137995,0.0010804971337541,0.0240811273072711,0.0029850768434533,0.0086051255628696,-0.0001642170953681,-0.0032001762998508
2019-09-20,0.0251660974477019,-0.0210675653830234,-0.0005624297111141,-0.024571260730504998,-0.0032450001433272,0.0033613477027052,-0.0044809634350362,-0.0099706241819621,0.0145107298699524,0.0166477459533851
2019-09-23,-0.0227418538361954,0.0118211339955225,-0.0073405185620711,-0.0376583238005876,-0.0219066810858667,0.0221247962806359,-0.0105343336849592,-0.0160701346297842,-0.0161543857298047,-0.0205124324716408
2019-09-24,0.028641575963383997,0.026070182965415,0.012950631452838,-0.0007382798415811,-0.013378125946176002,-0.0125510840612492,0.0,-0.0149221701037811,0.0654223219494136,0.0195502257367943
2019-09-25,0.0162206718804762,-0.026070182965415,-0.0138010921702926,0.0,-0.0261527128104592,-0.0080089415860356,-0.0075930509075974,-0.0130040844232062,-0.0092879924664703,0.0151272755392808
2019-09-26,-0.0045246321172855,-0.0382139453519299,0.0025492153728579,-0.0609016173401117,-0.0139213385186081,-0.0094255634972859,-0.0091884260544061,-0.0177675742435474,-0.0283930745012179,0.0002633588806668
2019-09-27,0.0120204868541256,0.0167199052111035,-0.0053893195256056,0.0031347988053713,0.0,0.0207527251393391,0.0030721990369702,-0.0024254195736639,-0.0059375926667533,-0.0002106815556093
2019-09-30,-0.0039138993211365,0.0049050460517987,0.0087781959685542,-0.0213531244705689,-0.0105696814896876,0.0026466711523749,-0.0030721990369702,-0.0036491951455484,-0.0012884524249869,-0.0287489743199351
2019-10-08,-0.0352149062910669,-0.0099491929384765,0.0170514264088925,-0.0201863939707545,0.0,-0.0320045218545836,0.0030721990369702,0.0017046150480943,0.0108992904580356,-0.0052724677107107
2019-10-09,-0.0028715023320229,-0.0001149359233494,-0.0181797763170425,0.0145751568029681,0.0290887292569252,-0.0172042321139787,0.0076394565579576,0.0161702570068946,-0.0009569378720675,-0.0456613781696733
2019-10-10,0.0555795660706071,0.0417594859722694,0.0379389262975049,0.0119857607452225,0.0170555584005995,0.0350115323649844,0.0015209128407067,-0.0088974976778151,0.0953536968521353,0.0540191821664359
2019-10-11,0.004523359516293,0.0071401412808471,-0.0059962022121657,-0.0119857607452225,-0.0056529263027877,-0.0274051801452128,0.0015186031771898,0.0057803629154995,-0.0285439416977535,-0.0145352187483833
2019-10-14,-0.0037302931403919,0.0058932834539415,0.0005465974446008,0.0080064478937411,0.0079051795071132,-0.0255827905411551,0.0075586149739266,-0.018420297851319,-0.0133725980454793,-0.0129703504426279
2019-10-15,-0.0034032931317078,-0.0208913590313768,0.0162605208717807,-0.0348919776397735,-0.0331648462663514,-0.0195058515504724,-0.0030165935394255,0.0004891171533065,0.0088849315760919,-0.0008892347609803
2019-10-16,0.0026102267558067,0.0392207131532815,0.0207509441050386,0.0139403651539953,0.0046403795565024,0.0119390147840414,-0.0045420214345011,-0.0215008900442734,0.0197438314353908,-0.0438731648582182
2019-10-17,0.0187509002435612,-0.0087992841599486,0.0026295045390245,0.0016273396593757,-0.0046403795565024,-0.0090606246940607,-0.0015186031771898,0.0017471613080410002,0.0,0.0406988242092571
2019-10-18,-0.0156953894636915,-0.014220049655325001,-0.0063224657394869,0.0080972102326191,-0.0235304974101939,-0.0120483385161747,-0.0122325684356345,0.0263335014692898,0.0076146216513537,-0.0133642283269317
2019-10-21,-0.0374144358502572,-0.0008749863841623,-0.0200193526821781,-0.012170535620255,0.0047506027585977,-0.0046167011899025,-0.003081666537408,-0.009518070635504,-0.0369999860456795,-0.0097705844307967
2019-10-22,0.0093404064939219,0.0232530890136297,0.0289644267961022,0.0016313217320838,-0.0023724803536304,0.0166650397060772,0.0046189458562946,-0.0007359254594376,-0.0016665407993201,0.004726794870935001
2019-10-23,-0.0194796114876725,0.0133802569632361,0.0,0.0265395552346121,-0.0119475734211178,-0.0081770537393888,-0.0030769255044793,0.0014713097308427,-0.0281405514219708,-0.0064979708803099
2019-10-24,-0.0202293091402303,-0.0011610112655677,0.0,-0.0063694482854796,0.0560894666510436,0.0038563557070703,-0.0015420203518152,-0.0195478202621268,0.0043573053689556,-0.0170717566721663
2019-10-25,0.00578733228512,0.0193490322369385,0.0,-0.0072144601493326,-0.0068415318167169,-0.0133190006203114,0.003081666537408,0.0116757008884822,0.0207460379475659,0.0251592822442496
2019-10-28,0.0273924757233769,-0.0951237459722591,0.0,0.0151699515904475,0.0011435107020791,0.0038929489554084,0.0061349885675159,0.0427859821438407,0.0,-0.0005106527955724
2019-10-29,0.0045515629724377,-0.0043384015985985,0.0,-0.0232475399368143,0.0045610113275622,-0.0024313165392859,-0.0107610569562981,0.0286900144216364,0.0361449143168197,0.0134169665869912
2019-10-30,-0.0042007062937905,-0.0209268287679709,0.048815108356814005,-0.0073260400920727,-0.0034188067487854,0.0036447616584514,-0.0046475683965467,0.0043593048271026,-0.0013211011095748,0.0032425812500287
2019-10-31,0.0952889192670705,-0.0004674535553164,-0.013308419899903999,0.0,-0.0149513998529631,-0.0213269512334002,-0.0031104224143925,-0.0087376964282053,0.0032262823116253,-0.0064957110470142
2019-11-01,0.0041372784841113,0.0029180061557143,0.0584215187192622,0.001632653423885,0.0296825444304764,0.0563597247491705,0.0046620131058112,0.019893190599991003,0.0138133784907035,0.0100615717454353
2019-11-04,0.0275649108293078,0.0024445620694715,0.0064171343206336,-0.0057259870148849,0.013408022094433,-0.033578580336580004,0.0123268124806585,0.0170598974736333,0.0109149439216587,0.0451286142694646
2019-11-05,-0.0169293132873376,0.0068362470050011,-0.0061787268811919,0.0146582429112163,0.0011092624542858,0.014665487030092999,0.0,-0.0051322214625453,-0.0087512214763476,0.0254573516766427
2019-11-06,-0.0076757645143361,-0.0180604967265187,-0.0275512834955011,0.0419531249632298,-0.0077908017877681,-0.0369512140434005,-0.0015325673497781,0.0,0.0017276134443777,-0.0190452049618095
2019-11-07,0.0058935131645512,0.0031695747612792,0.0143537314135544,0.0023228814161395,-0.0157660923386759,-0.0044676172597157,-0.0030721990369702,0.0106810094203337,-0.00014385384474200003,0.0296136755419285
2019-11-08,-0.0063158104681244,0.0093327788930128,0.0,-0.0132349148671222,-0.0056915349997881,-0.0137760475441188,0.0015372793188865,0.013411215629147,-0.026089069847459997,-0.0027730721822356
2019-11-11,-0.0214534083042909,-0.0142675791788606,0.0057803629154995,-0.0424233282175627,-0.0467374778516895,-0.0103943133836943,-0.0123649179709499,-0.0171810393641629,-0.0210408418841581,-0.0268934281662343
2019-11-12,-0.0011874562846169998,0.0036447045225624,0.0351575669129835,-0.0057400731610601,-0.0132452267500209,0.0296280772783124,-0.0015564205476581,0.0200160647064699,0.0087087637495404,0.0103529841871656
2019-11-13,0.0388758375647695,-0.007302741523941,0.0561274061964902,-0.014078907498597998,0.0096502558321618,0.0046896297227316,-0.0078186481177977,0.0649195460993152,0.0188084033907438,0.0325587429113252
2019-11-14,0.0214818888158996,0.0150184683684697,0.0061189002102572,0.0107840116017454,-0.0024038473113945,-0.0201474294078147,-0.0015710922320413,0.0016313217320842,0.0090551224830592,0.0020222453807674
2019-11-15,-0.0123805745695539,-0.010889399799267998,-0.0169179032275894,-0.0344138030315424,-0.0157674582527009,0.0119881555599699,-0.0078927007989089,0.0393539247679637,-0.0114052998280129,-0.0204088716312069
2019-11-18,0.0002058884092095,-0.0037744795932033,0.0103605026814306,-0.0077154261858605,-0.0073619964410691,0.0157638732330642,0.0094637930309502,0.0058593917638929,-0.0253178079842903,0.0015966627996073
2019-11-19,0.0168414289303733,0.0302630171226985,0.0460713504063985,0.0421292292174029,0.0267330621970689,0.0111787312339712,0.0078186481177977,0.014500012384754,0.0225197795039342,0.0036472955440371
2019-11-20,-0.0040568006956149,0.0043473355277257,-0.0145556836275226,-0.0141257022636485,-0.0120628724492752,0.0143956420750894,-0.0046838493124263,-0.0148895721871098,0.006907221230489,-5.1278106823815506e-05
2019-11-21,-0.0351639124576665,-0.0069878284228961,-0.0672337493809553,-0.0075598848079403,-0.0036474204570433,-0.0031015174570021,0.0031250025431353,0.0079558001856714,-0.0249123203798964,-0.0260267671396627
2019-11-22,-0.0411509960037292,-0.0179787943075648,-0.0467581392221592,0.0033670065479043,-0.0073349962115654,-0.0050305531887162,0.0,-0.016368253201406,-0.0558873618734647,-0.0392333448120076
2019-11-25,-0.0140279541192365,-0.0183079583536818,-0.0045351551653913,0.0141846349919565,0.0443984135884529,-0.0213600353922442,0.0154801852878991,0.0001964443577673,-0.011658680328062,-0.0010405543259324
2019-11-26,0.008749155981901,-0.0240074259991791,0.0033436859430633,0.009892908383739999,0.0186051878310342,0.000980873055592,0.0030674870678617,0.0093842330898938,0.0176742121613537,0.0117119682760264
2019-11-27,-0.0044203851400883,0.0288828741487856,-0.0132007197131325,0.0097959967031817,-0.0127537960625701,0.0024479816386397,-0.0030674870678617,-0.0178663827711806,-0.0023702310219633,-0.008921345141382
2019-11-28,0.0039792248814727,0.0016593579723105,0.0103353882398464,-0.0205177488973227,0.0116010581827619,0.0029296895954789,0.0,-0.0013876501384179998,-0.0015832808880587,0.0100038892254508
2019-11-29,-0.0297827655433913,0.0122412074708266,-0.0464972425572245,-0.0016597514183644,0.0,-0.0024408115608087,-0.0030769255044793,-0.0349212999752133,-0.0049241621219957,-0.0282558915931279
2019-12-02,-0.0012509241410594,-0.0174656316076333,0.0015018776289905,-0.0058309203107929,0.0205486682273874,-0.0007334067068751,0.0015396461855927,-0.015109466789879001,-0.0361553524812965,0.0036106135600348
2019-12-03,0.0101891518894792,0.0059347355198147,0.0089642034538122,0.0091476729367867,-0.0333172688661873,0.0036616664859634,-0.0077220460939102,0.0074797772368682,0.009530141140325,-0.0017759036800173
2019-12-04,0.0126477705907923,-0.0059347355198147,-0.0009920635734288,0.0123407571924123,-0.0272367339748993,0.0281099589318931,-0.012480661223608998,0.0035127631947435,0.021836694609175,0.0063675085716106
2019-12-05,0.0170925482332275,0.0188684843043827,0.0096308930609612,0.0081433674771718,-0.0072289471431514,0.0164477392090258,0.0015686277726263,0.0147422817372033,0.0158733491562896,0.0061626694434755
2019-12-06,0.0172352648583506,0.0096495546168506,0.0148801379533884,0.0016207458977333,-0.0085003547653923,-0.0053744725698807,0.0031298930089278,0.0260797127830518,0.0083118176320651,0.0210602660037269
2019-12-09,-0.0277871323823788,0.0017340042492879,-0.0322330771082599,0.0008093889555587,-0.0073439742557583,0.0056074913289454,0.0,0.0071034237126594,-0.0193966500565583,-0.023256862164267002
2019-12-10,-0.0012162088955607,-0.0043986643441868,0.0059835631029701,-0.0064935293105485,-0.029927420541472998,0.0284814842063418,0.0,0.0183133892714635,0.0110848324244932,-0.007172444541191999
2019-12-11,-0.0037685701883551,-0.0099097284291982,-0.0007459903367212,-0.004897968975547,-0.0282432123133951,-0.0059050818877142,0.012422519998557,0.0015432101828056,0.0122086349706664,-0.0119761910467159
2019-12-12,0.0137857159789582,-0.0045798917468209,-0.0067390745498459,0.0008179959556318,0.0026007817000572,0.0027297560171901,-0.0077459721146553,0.0443009014047262,0.0034166829324142,0.0114223278367671
2019-12-13,0.0352952496148066,0.0018814680997056,0.0222891842563544,0.04789422892846401,-0.0755075525081452,0.0180103922744652,0.0108276386520633,0.0730537035866061,-0.0048177884780393,0.0262453555183777
2019-12-16,0.0154228519988359,0.0451359841423366,-0.0167946649387134,0.0434685283293205,-0.0028050509276085,0.0139583522507069,0.0076628727455692,-0.0618681097454612,0.0001557753722281,-0.0192889977585268
2019-12-17,0.0180556878262061,-0.0091376347904237,0.004968954323187,-0.0014936522567832,0.0180937434426988,-0.005073353773664,0.0106303203017563,-0.0258603254657239,0.0119224141965244,-5.501911915839486e-05
2019-12-18,-0.0328443573706405,0.0065514749187087,-0.0205315174073636,0.0059612695164994,0.04054609439435,0.0063926151787265,-0.0030257209165371,0.008570948686561001,-0.0134812609658157,-0.0181555662893515
2019-12-19,-0.0035990300307195,-0.0239273121726197,-0.0022793475741593,0.0081391496301956,-0.0066445427186687,0.0061336446404536,0.0015140048312152,-0.0177824058675355,-0.0195343325572023,0.0045838304868102
2019-12-20,-0.0192725451210318,0.0296528400224111,-0.0112188836047883,0.0189786718298892,-0.0283994745216977,-0.0306010573649935,-0.0030303053491791,0.0050861935021275,-0.0161979325309244,-0.0182923350100256
2019-12-23,0.0010804971337536,-0.0544031111015694,0.0035833158382838,-0.0323319859735855,-0.0278182054765308,0.0509216874083242,-0.0122138922939378,-0.019734985840961002,-0.0090954013408568,-0.0085568120500161
2019-12-24,-0.0059572339730467,0.0126851595273151,-0.0167464946722755,0.0657513775627802,0.0373745921967487,-0.0088125234475948,0.0076511467355195,0.0155926338435397,0.0081248415752481,0.0088407819511147
2019-12-25,-0.0098254065544152,0.0038441424238948,0.0123936520549632,-0.0021001057771163,-0.0150584638742015,0.0085985052552315,0.0,-0.0092882859023539,0.0025860690022634,-0.0008521517345663
2019-12-26,0.0217045959229258,0.0046398412899195,0.0007695267790284,0.0187440406166281,-0.0069204428445737,0.0230624841180406,0.0045627455584182,0.0036118278975485,0.0008067769699398,0.0124260282842509
2019-12-27,-0.020936925764042998,-0.007084403359391,-0.0113461763873012,-0.0173434801635972,0.0137933221323358,-0.0196436773692547,-0.0045627455584182,-0.0106830470419607,-0.0146225188675419,-0.015100815753831001
2019-12-30,-0.0025245609149546,-0.0046729056993921,0.0031072008427486,0.004189950263854001,0.0256944493747828,0.0292191044036442,0.0091047669929194,0.0019160764628201,0.0065253086349228,0.0149324041554876
2019-12-31,0.0123424645838845,0.0035067248092097,0.0224958361694178,0.0138410514118714,-0.0147951589167472,0.0068132812340464,0.0045214847188459,-0.0053742931657772,0.0264756739840272,0.0209996050705756
2020-01-02,-0.0054424864938882,0.0013992539596445,-0.0015178348474353,0.0163602831052069,0.0027063615977431,0.05582007009769,0.0104712998672953,-0.0048230053942686,-0.0071514011576248,-0.0086685798048966
2020-01-03,-0.0260961292574721,-0.0183448230125078,-0.0027886949242614,-0.0074652535363388,-0.0067796869853791,-0.0314286169735309,-0.0044742803949211,-0.0060130139470104,-0.0146199085659866,-0.0130049554270952
2020-01-06,-0.0302536436327347,0.0053264018925887,-0.0218153139965942,0.0295323475650173,0.0255218687951197,-0.0078621511729486,0.0044742803949211,-0.0166752269946393,0.0098237363024935,-0.0077830182514286
2020-01-07,0.0150137482946979,0.0031822762432058,0.0167249492253196,0.017699577099401002,-0.0026560440581167,0.0108696722369039,0.0044543503493803,0.0053270324255376,0.0268790885512419,0.0228376655575264
2020-01-08,-0.0062760518664921,-0.0074411256946884,-0.0097436668307251,-0.0032541519116779,0.0053050522296933,-0.0016028855365313,-0.0119226449569063,0.0099853986801936,0.0301190560360193,-0.0030483604040805
2020-01-09,0.04411327560432799,0.0088522265873516,0.0655686525704126,0.0308111664003978,-0.0013236269305081,-0.0094691953641543,0.0089552837291042,0.0200585317191848,0.0471597251048043,0.0524971212595506
2020-01-10,-0.0030715250124275,-0.0057745726429194,0.0076923456231554,-0.0217260941779269,-0.0200675630508091,-0.0103775476033227,-0.0059612695164994,-0.0003819709748507,0.0034597122587882,-0.0125081130431876
2020-01-13,0.0215202305647608,0.0203563416562788,-0.0055228859317209,0.0848017886367897,0.0026990569691647,0.0081483441267322,0.0014936522567834,0.0110183485533505,-0.0056281265526116,0.0042575902526413
2020-01-14,-0.0053908486348763,0.0093367054837312,-0.0074924821803490005,0.0094507496093996,0.0950651117967265,0.0112972756905609,0.0103935605272631,-0.0398935258759225,-0.0040603304042896,-0.0069278188085197
2020-01-15,0.0160861377516239,-0.0076010961385852,-0.0034021904019558,-0.0231946169804682,-0.0464033090933586,0.0030045090202985,-0.0103935605272631,0.0,0.0145693164886093,0.0076710369772534
2020-01-16,0.0157267476921072,-0.0314727714409084,0.0377403279828469,0.0273013989331216,0.0076726719116599,-0.0100503358535011,-0.0059880418446227,0.0074437170345595,0.0350369992259773,0.0223549215884801
2020-01-17,0.0149675385424057,0.0275343903512075,0.0077058174649859,0.0954166250649501,0.005082603063466,-0.0060790460763824,-0.0045146803545266,-0.0100030254499348,0.0148232195365487,0.0018146472899251
2020-01-20,0.0110804457765718,-0.0046533355256412,0.0011623853453386,0.0953585602683029,-0.0166138006626557,0.0145281005629098,0.0045146803545266,0.0154526302174997,0.0146066973483414,0.00511510066677
2020-01-21,0.0014274064413815,-0.0183577760742101,-0.0067607204707598,0.0163151411632322,-0.0261111440036856,0.0272690281155516,-0.0151288815963002,-0.0456700368331883,0.006690778338954001,-0.0034588713145149
2020-01-22,0.006094483058761,0.0030831282575158,-0.0086926425426159,0.0952669094293803,-0.022743455231331,-0.0468913832002044,-0.0061162270174359,0.0016240360857344,0.0043915168054944,-0.000517277065124
2020-01-23,-0.0304331083864308,-0.012989517083274999,-0.0577970987262168,0.0766083979112379,-0.04994102913753701,-0.0051203388879752,-0.0248459985865308,-0.0285998301536136,-0.0275981707625918,-0.029349790092211003
2020-02-03,-0.0404784199057344,-0.0761121751843871,-0.0825667236569622,-0.1051378728872305,-0.1048864696664886,-0.0756887502255496,-0.1060595719603243,-0.1034837556449659,-0.0570138947270439,-0.0089917111919639
2020-02-04,0.0374463719976185,0.0895751771249928,0.0644027530292912,0.0473898711521298,-0.0585533087515741,0.0915782676612924,0.0156117654721132,0.0485696813110809,0.0424391832751567,0.0725206915847938
2020-02-05,0.0161000621283351,0.0400169368204395,0.0121458983021081,0.0955031741115917,0.0149628726767123,-0.0429463188232559,0.0102740629761854,0.0048394287146455,0.0,0.0953147254758226
2020-02-06,0.0768274622719218,0.0124295385521033,0.0144821507376926,0.0952750927005863,0.0292703823001132,-0.0234802676088428,0.0084818150559091,0.041269557285239,0.067995144005482,0.0083743105337044
2020-02-07,-0.0233623908575042,0.027140962545805,-0.0009920635734288,-0.0918075492531227,-0.0048192864359488,0.0400095695600533,0.0200675630508091,0.0497022209204871,0.0344664369564675,-0.0272800266607369
2020-02-10,0.0267916188322434,-0.0138661845317269,0.0201431521942723,0.0303053494953289,0.0425596144187958,-0.022241789716602,0.0066006840313521,-0.0062305497506356,-0.0374470650946054,0.0433333148192556
2020-02-11,-0.0105153439995229,-0.0036636177530677,0.0187912057811825,-0.1049460078798705,-0.0015444018513741,0.0272097154794983,-0.0032948958968526,0.0,-0.0220452439107461,-0.0099414589588855
2020-02-12,0.0344747745005209,0.0102905472406762,-0.0028680707996722,0.012765254666453998,0.0349314178841113,0.0952538645137699,0.0404258764718987,-0.0044453498138485,0.0483035569182295,0.0212773984472853
2020-02-13,0.0008352281122183,-0.0163146618440563,-0.0110711118769817,0.0101771690536933,0.0103935605272631,0.0009381743816003,0.0110324208035765,0.0004049402768435,-0.0055781077699448,-0.0039551798429284
2020-02-14,0.0179273934803836,-0.004823070310750999,-0.0050952433416511,-0.0179816859735959,-0.0163816023718859,-0.06308920930687999,-0.0205866336083881,-0.0050735776007013,-0.0020361422153003,0.0407691529656446
2020-02-17,0.0379933964392149,0.0202566748290911,0.0256947741408417,0.0482991256130396,0.023739987303072998,0.0033901717583253,0.0142973047008243,-0.003873208389105,0.0548982536747493,0.020088560029345
2020-02-18,-0.0097845551210404,-0.0095207184340662,-0.0014234877848537,-0.009078412459758002,0.0087591800898814,0.0342465714513906,0.0031496089028961,-0.009439840260633001,-0.0155550590466386,0.0038871937128348
2020-02-19,-0.0177849989171337,-0.0282026588160855,-0.0145883252008274,0.0289195612991157,0.0300666885987839,0.0192441872913264,0.0279087881170765,0.0278558216145938,-0.0229183149607106,-0.0314012678653954
2020-02-20,0.0009013069560124,0.0087714864374461,0.053699455317452995,0.0351975784448841,0.0236944882926686,-0.0167463475835472,0.0045766670274118,0.0069937341714076,0.0018779348241997,0.0008088720933150001
2020-02-21,0.0152879469416529,0.0953411113065154,-0.0114811823739562,-0.0229462766643635,0.0497080164596608,-0.0032676626865209,-0.0137933221323358,-0.0371201729242116,0.00809721023262,0.0225116274358967
2020-02-24,0.0047796161091566,0.0581774726156139,-0.0139537147738653,-0.0861815014233302,0.0181823190831904,-0.0139591254632231,-0.0108612394316045,-0.0143617829109317,-0.0011172492006936,0.0397262791900132
2020-02-25,0.0358187707670447,-0.0186554256615014,-0.0075223673944258,0.0540890508034519,-0.0287226011186225,0.0003903962571540001,-0.0188982002202295,-0.0088440247964527,0.016873360481199,0.0365133012344287
2020-02-26,-0.0599486278267331,-0.045831216147377,-0.0382395995106858,-0.0708188429192175,-0.0377912717155055,-0.0406268535302709,0.0031746058407726,-0.0153455696746602,-0.0424109455359804,-0.0452687288664508
2020-02-27,-0.0049875415110385,-0.0046799523823297,0.021344492104895,0.0109061483689787,0.0068540364277922,0.0280579527951574,0.0296665003484695,0.0094057982868758,0.0063508406013959,-0.0113591485070774
2020-02-28,-0.0370412716803496,-0.0527592523130069,-0.040901991320426004,-0.0731136333872095,-0.0885028015762996,-0.0774275530979693,-0.0424258441022296,-0.0311174631310771,-0.0319039150260138,-0.0252027386025561
2020-03-02,0.0378591189702453,0.0188325382952845,0.0487901641694321,0.0098258941512909,0.0480791794256529,0.0142056878451448,0.0652405218684011,0.0096112579101137,-0.0006538084574181,0.0164744269974974
2020-03-03,0.0438947508256069,0.0071993004226627,0.0099503308531678,0.0110498361865851,-0.0057061495768544,0.0154588413783347,-0.0075472056353831,0.0257524961024144,0.0305298393917858,0.0753683561647431
2020-03-04,0.0142421810916015,-0.0295545195954689,0.0274372012184525,-0.0083867187671011,0.0057061495768544,0.009490477669614,0.0135442251077573,0.0040173433879875,0.0063235318847372,-0.019191340449689
2020-03-05,-0.0082616648915863,0.0108583463343565,0.0251400398909003,0.0004431641995861,0.0238943201994361,0.0036892847747957,0.0954460586006478,0.0455795977513848,0.0172482716243083,0.0162479695053123
2020-03-06,0.0002592128584089,-0.0164983944618688,0.0042406045023195,0.0162605208717803,-0.0139862419747398,0.0044907199371349,0.0254876305201485,-0.0105392138881712,-0.0078373231913611,0.0086904038320421
2020-03-09,-0.0328445399426948,-0.0485129485216058,-0.0204754593875802,-0.0931329527304596,-0.0461176820949655,-0.049258705689763,0.0196727655987047,-0.0235013908364725,-0.0335269496859096,0.0120710632065517
2020-03-10,-0.0033983219970075,0.0351154052664659,-0.0013648773729402,0.0343320809942024,-0.0014760150281205,0.011487043987131,0.0,0.0512307142066736,0.0009036339606689,-0.0286016301807006
2020-03-11,-0.0408667863502332,-0.0212423503982188,-0.0176833175977542,-0.0214961548181937,-0.0163816023718859,-0.0065782730589392,-0.0052083451071379995,-0.0057637047167502,-0.0156049980688903,-0.0400699045425607
2020-03-12,-0.0444602460979446,-0.0208824293608236,-0.0372948579600671,-0.0350913198112698,-0.0367013668504279,-0.0461855115340985,-0.0413116705277549,0.0021901452258852,-0.0386127721677214,-0.0194653347881033
2020-03-13,-0.0235932171470709,-0.0154767103600974,-0.0103953553067879,-0.023763494452186,-0.0220481372217624,-0.0123389114537153,0.0959284178456552,0.0,-0.0097187815832162,0.0084003266881209
2020-03-16,-0.084698419319614,-0.0325517275837707,-0.0546884483487444,-0.1055832080092642,-0.0389659685333838,-0.0718185303322811,-0.0339441765131804,-0.0339838528155986,-0.0739175342517715,-0.0233767808776779
2020-03-17,0.0010866023018492,-0.0105101431153729,-0.0160417411568358,0.0236599757421762,-0.0234516610350496,-0.0053502073148408,0.0595709602453324,0.0053355349231463,-0.0072835699178357,0.0079906028904908
2020-03-18,-0.013668136899504999,-0.0184412175798884,-0.0075926533098038,0.0215177748091441,-0.01882005932677,0.0226624935092476,-0.0430835861363116,-0.0452149011547429,-0.0061354476043327,-0.0335461224912041
2020-03-19,-0.0222651967325129,-0.0022816589946703,-0.0553821458515848,0.0147916061869537,0.0051679701584426,-0.036164601173615994,0.0162199438667633,-0.0620576609747089,-0.0175655636924991,-0.0356382253526845
2020-03-20,0.0370187565107533,0.0174858219551037,0.0030508968332565,-0.0276466305588836,0.0,0.004192878260035999,-0.0352681388374578,-0.0188598046341232,0.0317248284910487,0.0420144424919612
2020-03-23,-0.0624433717239734,-0.0497258805285261,-0.0543441912208066,-0.0890227098073093,-0.0638514719865328,0.0031944983548886,-0.0499446765162572,-0.0499866075072397,-0.0250256560556216,0.0273760696656149
2020-03-24,0.0588569960927456,0.0153469002483843,0.0856947211048826,0.0290380448998304,0.0145457110023787,0.051170617579447006,-0.0135687292060688,0.0553125434496646,0.0284237534378881,0.0026762754007867
2020-03-25,0.0507324403500826,0.0556012449887148,0.0371437404457632,0.0562039420675728,0.0337210299674559,-0.0169256508833424,0.0189450862424493,0.0298054141317289,0.0383410433983399,0.0429775643462573
2020-03-26,0.0044400919658524,-0.0084595612693583,0.0033561410100220006,-0.0257619070256733,-0.0105264129869875,-0.0193901945773085,-0.0382560311555366,0.0210720894388081,0.0055205745699433,0.0567338011831761
2020-03-27,-0.0395092361237718,0.0192665391330617,0.0005153311116363,-0.0224602366797501,0.0140107370695983,-0.005575096248509001,0.0301806171499914,-0.0035180335316788,-0.0391529571201454,-0.0220880802750631
2020-03-30,-0.0641813144897289,-0.0387860250351561,-0.017409820010397998,0.0034013638234906,-0.0175443096509093,0.0038816157421757,0.0200675630508091,0.0447964646941647,-0.0689719003118307,-0.0158770017140401
2020-03-31,0.0336005539994728,-0.0200361762238578,0.0317323154805135,-0.0108109161042158,0.0483686678512842,-0.0141431277247194,-0.0336732151065879,-0.0423764877129166,0.0073650728600869,0.0115683759037574
2020-04-01,0.0001105033428387,-0.0065540297577486,-0.0120067862145174,0.0287586777350523,-0.0135825517658689,0.0333283684460683,-0.009635311983671999,0.005478265042992,0.0124128824197091,-0.0266021533653777
2020-04-02,0.0385830258110209,0.0147183817799074,0.0150493849106139,0.033345532756714,0.0051151006667704,0.0197560517622994,0.0232409640394508,0.0239674648630723,0.0130220147281123,-0.0028687658446039997
2020-04-03,-0.0031945506881987,0.0080982348180596,-0.0030425986960964,-0.0417184535672925,0.0016992357529597,-0.0271467159908112,-0.0315743455985952,0.0053197274087164,0.000608642745508,0.0108811594551401
2020-04-07,0.0370606633632562,0.0138917195492238,0.0238375356742972,0.0401042482127511,0.0333920840583104,0.0492572436213016,0.0356202041181388,0.0061356375706953,0.0633589391815778,0.0300636138320991
2020-04-08,-0.009085340214483,-0.0194522039886981,-0.0017371886736317,-0.0081103445374535,-0.0016433857437299,-0.0043374112059022,-0.0081081525284225,-0.0086855752039682,0.017829820002599,0.0085010856142293
2020-04-09,0.0562591643067946,0.0260177277279547,0.0394499657906908,-0.001629992210931,-0.009917436657346,-0.0006865774385738,0.0385942775512548,0.0560585183965227,0.0719618118522529,0.0167515570555503
2020-04-10,-0.0183037511724437,-0.0248778377938769,0.0238303125264529,-0.0484639531079844,-0.0116960397631913,-0.0043593048271026,-0.0304861250228323,0.0427272393416617,-0.0213700257361928,-0.0378352502776859
2020-04-13,0.0094410639145987,-0.016721303504692,-0.0072540390634556,-0.029541679100474998,-0.03767568883089,-0.0341473775925216,-0.0231460298929631,0.0021180329473815,-0.0026702285558783,-0.0027197350659946
2020-04-14,0.0087646432360006,0.0108815001875344,0.0268783557832885,0.0850498228102627,0.0017436796048266,0.0318453507932341,0.0258342035547636,0.0026892063843901,0.0114317342244509,0.0011500863832374
2020-04-15,-0.0272328496951264,-0.0090810881785667,-0.0098794600220863,0.0037725725153197,0.0034782643763249,0.0353217611073701,0.0106810094203337,-0.0057714665783996,0.0013208296729398,0.0135476613508433
2020-04-16,-0.0119604101630708,0.0141611092634041,-0.0057890632903183,0.09535908075545801,-0.008718451039881002,0.0095207184340662,0.0742028263155192,0.0074964310693679,0.0145452344832177,-0.0078169866418589
2020-04-17,0.0073148756521534,0.0007597822323202,0.0006964596915297,0.0208088805256272,0.0,0.0089942473173083,-0.0275017332695384,-0.017774811094258998,0.0009102139631087,-0.0124968084721626
2020-04-20,0.0604876612102591,0.0138280016072922,-0.0020908359341844,0.0778298278150062,0.0121846590163672,0.0130181920946483,0.0025316469217795,0.0033083614879392,0.0256621729105521,0.0255540476288107
2020-04-21,-0.014009056586559999,-0.0157285406652665,-0.0140517534556501,0.0954310086906309,0.0086133176781149,0.0107205143378426,-0.0165714435892621,-0.0176405985727714,-0.0248826483810171,0.0077532834037556
2020-04-22,0.015912912468627,0.0123520602486602,0.0377228575297503,0.0410313966778623,-0.0051590828100274,0.0040438492905807,0.0353572183282366,0.0065044084645853,0.0001298616974745,0.0170172795506147
2020-04-23,-0.0274782291911277,0.0008764791145212,0.0,-0.1054893733347004,0.0102916860365476,0.0008492569512554,-0.0327898228229908,0.0052904992605236,-0.017289232230083,-0.007732851435958
2020-04-24,-0.023739987303072998,-0.0199728545499739,-0.001591090232242,-0.0107969090306432,-0.0507545496497285,-0.0186360753848973,0.0012812301560485,0.0132015118585355,-0.0034409774555363,-0.0180910956119042
2020-04-27,0.0364641646091525,-0.0381283579986444,0.0077045475156691,-0.0371559768880915,-0.1059591388424192,-0.027621221105353,0.0127228179279677,0.0057692467712451,0.0314503640122101,0.0271802273825993
2020-04-28,0.0150393178975374,-0.0023904393852989,0.0176758153819029,0.0222825618472479,-0.1051387615821863,0.0095122938243314,-0.0639487246002734,0.0363402502879273,0.017951974879641,0.0040578388313061
2020-04-29,-0.0255177294791977,-0.0027960873020012,0.0130000729147621,-0.0386391282298981,-0.0384228054022735,0.0468802245599619,-0.0054054185669079,-0.0117177942636543,-0.0362321235025975,-0.0348958940756842
2020-04-30,-0.0074400734781603,0.0137714040839185,-0.0286463465018109,0.0456659467783615,0.0,0.0197614334999594,0.020121403199421004,0.0183525403122111,0.0074301325988912,-0.0322484758630299
2020-05-06,-0.0151480546160271,0.0115064031003502,0.0244783027359689,0.0491027130077319,-0.0520211847508784,-0.0107683790606007,0.0236231457634361,0.0116874960771888,0.0143126677685216,0.0173285066252999
2020-05-07,0.0104203791108927,-0.0104548782926299,0.0236787428742819,0.0400216743494858,-0.0523157893641605,0.0076739980458526,-0.0143699402829531,0.0120907364797737,-0.0046195385628626,0.0149199692377299
2020-05-08,0.0225496401266767,0.012143519338176001,0.0047119384674063,-0.0284225385061343,-0.0525054973779306,0.0170033800475235,0.0013149245813095,0.0128321133445172,0.0006428801250031,0.0056883617624254
2020-05-11,-0.0077519768043172,-0.0163562691177991,-0.0259754864032606,0.0049301661078589,0.0186921330121523,-0.0034591549397662,0.0220931663167056,-0.0078222621075525,-0.0142397228111361,-0.0232192985408756
2020-05-12,0.0315966925988719,0.0034242098517882,0.0156661167443994,0.0294792192563444,-0.0460162372867065,0.0008149959701317,-0.0181587350118714,0.0064045762418976,0.0270112884906232,0.0006918021721773
2020-05-13,0.0380055910835137,0.0089005823186925,0.0418577273937867,-0.0327632944575344,0.0110193952496104,-0.0051046563116829,0.0283890032626863,0.0372476054840387,0.0291398095431398,0.0262020411856687
2020-05-14,9.073175163898384e-05,0.0493236728702131,-0.008107309763495999,-0.0258240089568806,0.0481376355981546,-0.0131879100712608,-0.020566277581477003,-0.0030800845705645,0.010422508669218001,0.0022804174446209
2020-05-15,-0.008107537008696,-0.0191603131576938,-0.0035546299843467,0.0601777610061389,0.0484170994383748,0.0020721101487843,-0.0091324835632726,-0.0315110064671202,-0.0089444938663447,-0.0288667340836594
2020-05-18,0.0118204686004261,0.0076831412648434,0.0280894138897909,-0.0011926059851230001,0.0485532254169909,-0.3366792545290011,0.0026178025420788,0.0246322175203168,0.0314986670593713,0.0184315956630767
2020-05-19,0.0053189217125977,0.0062539290762995,-0.0071538373566188,0.0780212055608959,0.0485644560091238,0.0178114447296016,-0.009192448184164,-0.0013814542000138,0.0039278750732067,0.0176161638283014
2020-05-20,-0.0160423977905459,-0.0112853862316661,-0.0177984830893378,0.0,0.0311136208490689,0.0561930023968524,-0.0052910176344154,-0.0190149645409221,-0.0158049266931685,-0.0251913837509727
2020-05-21,0.0050125418235449,0.0089134982212302,0.0204616005088218,0.0,0.0491027130077319,0.0170807461976294,-0.0461411559978552,0.0073697473409266,-0.0169175823267053,0.0732521577941742
2020-05-22,-0.0403486217303505,0.0043649130847009,-0.0208793114589225,0.0,0.0307716586667536,-0.0077035843850326,-0.0153956854779735,0.0181901940600583,-0.0257364860694604,-0.0318797862822037
2020-05-25,0.0126970903998397,-0.0001244477632127,0.0173953444140337,0.0,-0.0142423567155431,-0.0270286723879191,0.0056258938821684,0.022240115369998,0.0072782351655824,0.0176093353955764
2020-05-26,0.0230957147946497,0.0548464021222061,0.0265385776310216,0.0,-0.0375827111490427,0.0114411490462056,0.0083799373067507,0.0291218461878051,0.0249426438455806,0.0236955250526991
2020-05-27,-0.0474075587650979,-0.0070939053697385,-0.0147017047321864,0.0,0.0498028224838182,0.0,-0.016830691824473998,0.0022805026987251,-0.0051351133748411,-0.0310703223949513
2020-05-28,-0.0168996344885181,0.0031984864086007,-0.2693882664713838,0.0,0.0474397250715603,-0.0232919147192038,-0.0200006667066694,0.0135748690910686,0.0018369976386258,-0.0191384680468109
2020-05-29,0.0365276291465406,0.0751634257800821,0.0393228634164071,0.09537707167364301,0.0489740045964597,0.0449940390607714,-0.0086957069675539,-0.009677494882065001,0.0374638601521972,0.0257961624540667
2020-06-01,0.0239365728279077,-0.0126968307944066,0.0294397912229671,0.0953101798043252,0.0484399628000675,0.0561713850844229,0.0272809452708926,-0.0100994505609106,0.0003535026254919,0.0087848295557328
2020-06-02,0.0010995053334168,0.0054296770327768,-0.0258710900100616,-0.0174824265480713,0.04954044556013599,-0.0027600067702504,0.0084626739187338,-0.0292379630806998,-0.0223978865091289,-0.0201112861758092
2020-06-03,0.0313708796973672,-0.0110007220822323,-0.0038240964384033,-0.0384784144677059,0.0487901641694319,0.0100000833345839,-0.0070472455154031,0.0113980449523687,-0.0084695001135743,0.0032595733470763
2020-06-04,-0.32517666999967704,0.0187066166647644,0.0219789067187754,-0.054174408150704,0.04954573655143,0.0037243990909821,-0.0070972618707616,0.0629747991613882,0.0154331493367454,-0.0085700284851553
2020-06-05,0.0045351551653904,-0.0136912815490317,0.0119226449569058,-0.0490447790657788,-0.0511342992365677,-0.0059657149339962,0.0042643987864576,-0.0492362730508748,0.0135474442733816,-0.0013502912476246
2020-06-08,-0.0281534065135993,0.0321620370028874,-0.0129226450402395,0.0190683743655148,-0.0505405027498087,-0.0102744920888167,-0.0042643987864576,-0.0373483917496466,-0.0294667384908731,-0.0105731738684662
2020-06-09,0.0050188311119425,0.0011834957538265,0.0151424017785526,-0.0084299761604591,0.0345145187339643,0.0206912529470724,0.0056818334674308,0.0069722244861099,0.0053346392273674,0.0058143977746443
2020-06-10,0.0174931574475172,-0.0052827463700291,0.029374608679903998,0.0505522791628312,-0.04798273578483099,0.0389549677358256,-0.0185852383033386,0.0042276210763416,0.0167869649492571,0.0047587760938219
2020-06-11,-0.0002460024612647,0.0123544569721687,-0.0091324835632722,0.0407415083839484,-0.0102215540715382,-0.007861863007569,-0.0057887281762447,-0.0142762451858233,-0.0023809535057415,-0.0041351860290461
2020-06-12,0.0229839265562841,0.0133632278121673,0.0129529275606583,-0.0330581567393242,-0.0295416791004747,0.0111786156335629,-0.0102116131701963,0.0013684572782155,0.0222768361117129,0.0188890468969153
2020-06-15,-0.0076027639486282,0.0021048208149627,-0.0019083975257605,-0.0477092178204681,-0.050643732818755,-0.0092670260430933,-0.0162605208717803,-0.0051413995004185,-0.0185887705429728,0.0171603005125939
2020-06-16,0.0197907508821444,0.0178176112409138,0.0310321092477288,0.0121423868257255,0.0165597160390185,0.0305618520136663,0.0206497012905433,0.0346172176333716,0.0140324217526233,0.0144680685044118
2020-06-17,0.0100443975935888,-0.0046581524112534,0.0101336657148052,-0.0567528165924495,-0.0258794479878208,0.019035089125706003,-0.0043891804187629994,-0.0226614817132233,0.0011702751481905,-0.0080510096036867
2020-06-18,-0.0041237171838615,-0.0064536499624683,0.0132030144644299,0.0043699996711183,0.0148701624794513,0.0133139730418574,0.0131101659242078,-0.0153980801111215,-0.0165098089638124,-0.0169780958106198
2020-06-19,0.0515411975413213,0.0004176237270963,0.0459647856628882,0.0643795332089625,0.0486144326866848,-0.0013458952233551,0.0,0.0569668246066772,0.0689135976353894,0.0509089351231129
2020-06-22,0.0067054341544556,0.0077983238977088,-0.0117316140206455,-0.0293884589995006,0.0311443857017654,-0.0108328750629222,0.0014461318499996,0.0953101798043256,-0.0024447172971635,0.010980767484665999
2020-06-23,0.0360971050803051,-0.0052962375214704,0.0069686693160933,-0.0291939565251362,-0.0102740629761854,0.0231029676547369,-0.0057971176843261,0.0404784353625045,0.0450320782788562,0.0165293019512109
2020-06-24,0.0296380711320924,-0.0014587894636601,-0.0450536640054473,-0.039047317782503,-0.001722653311446,0.0518474645319626,-0.0014545457109942,-0.0401823583803269,0.0375748648630169,-0.0112007818282613
2020-06-29,0.0113042427502714,-0.0060663296588509994,-0.0218023552724866,-0.0007515971793119,0.0487901641694319,0.030069657935923998,-0.0250565798373374,0.0219596000222468,0.0438904228252692,0.0088513821605493
2020-06-30,-0.0038229110979823,0.0431189767603275,0.0080878546016993,0.0089820963158273,0.0480861866676378,0.0194220145049981,0.0103935605272631,0.0554837491865445,-0.0011771631730148,0.0126740236543536
2020-07-01,-0.019125837736369,0.0056112371677867,0.0002301231168821,-0.0048552849816116,-0.0237540860081071,0.001201441874596,0.0319794693215353,-0.0013708021337786,-0.0387261358301671,-0.0238342960641322
2020-07-02,-0.0188534103288473,-0.0277598617533474,-0.0270538887760514,0.0063444885330792,0.0158985860677982,-0.0222591140740502,0.0184271691781654,-0.0179935650480125,-0.019680198304842,-0.0268910071894641
2020-07-03,0.0303936139356491,0.0128612572032809,0.0222101473256564,0.0525387981874767,-0.0191088616980465,0.0158346792091181,0.0083916576362483,-0.0236003322508242,0.0047752608130293,0.0208088970073943
2020-07-06,-0.0196983248189015,-0.0032507139556106,0.0057637047167498,0.0264731586646851,0.0016064260482737,0.0094217395366857,0.0165749650942126,0.0038535693159902,-0.0051915805525979,-0.0180938854590602
2020-07-07,0.018132480770168997,0.0183491386681957,0.0200279794098094,0.0473322111062555,-0.0080580613297622,0.0511436423283084,-0.0110193952496107,0.002986987499276,0.0133397355815301,0.0279878168881548
2020-07-08,0.0124586329081521,0.0236931122572885,0.0076319113423957,-0.0009840906157481,-0.0081235215214794,0.0629970493199216,0.0246250473053895,0.0012774112871811,0.0136708923657078,0.0052591407040205
2020-07-09,0.0442992271172606,0.0132773186612569,0.0358004631650206,-0.0082386361530244,0.0065040879691764,0.0017784105700906,0.0200675630508091,-0.0042643987864572,0.0562460512646225,0.060355093196919014
2020-07-10,0.0,0.02500486790976,-0.0091027936741618,0.0186860050918156,0.0490216724468868,0.0,-0.0309372352877133,0.0012812301560485,0.0181296788519755,-0.0040399034009919
2020-07-13,0.0357752270919373,-0.0056497325421194,0.0194055248577482,0.0678012990121073,0.0452565915881209,-0.0069537589645811,0.0401660417253346,0.0258405053277668,0.0645620369931379,0.0334202693629324
2020-07-14,-0.0145819928396946,-0.0214754137255717,-0.0196232711841393,-0.0668274310565464,-0.0014760150281205,0.0177341054809492,0.0078431774610261,0.0044266222511106,-0.0123332382700036,-0.0094220940670188
2020-07-15,0.0315795692082661,0.0256216691944031,0.0382402675167043,-0.1052884150052846,-0.033036037277023,0.0296151178204109,-0.0398459085471998,0.0265592730723547,0.0220740024015997,0.0611417012122528
2020-07-16,-0.0600044957822758,-0.0317183639387526,-0.0764162304443631,-0.0597913353541641,-0.0200469319452907,-0.0127083970349781,-0.0358659131884966,-0.0899482366629396,-0.06605919472182,-0.0480843411000488
2020-07-17,0.0168584857250975,0.0057107061262211,-0.0002262699410038,0.0227024506183064,0.0108444130141287,0.0361515821170126,-0.0028129413766146,0.0164810847810663,0.0051179565489594,0.0303775591561104
2020-07-20,-0.0157654265413924,-0.0324681552957706,-0.0054458950114626,0.0207338045694194,0.0137722146212273,0.0489568447265309,0.0811255448123684,-0.0088631165012538,-0.0191160243761956,-0.0085432836608383
2020-07-21,0.0839693793601439,0.0551790550712736,0.0302544083578024,-0.0114244839406372,0.0180727810596945,-0.0322608622182212,0.0653498802084504,0.0199399757838447,0.0511750281701575,0.0197736211903922
2020-07-22,9.131169252540872e-05,0.0126566167095187,0.0109770586311506,0.0029607719630320006,0.0495006437730305,-0.0127032971176817,0.031140240735723,0.0226318004601973,0.0086813092764765,0.010244660698544001
2020-07-23,0.0486510192149518,-0.0144508473244835,0.0060949252674968,-0.030390633705009,0.0485195647901595,0.0262181165148476,0.0117234636960592,0.0055788150270394,0.0296747259154512,0.0122700925918151
2020-07-24,-0.0714621851594534,-0.0330545081326105,-0.0461893824693748,-0.0871152784910997,-0.0205065285624854,-0.0217453185336813,-0.0452997592296635,-0.032511697386627,-0.0962708487114269,-0.0590252916708768
2020-07-27,-0.0025253719636513,0.0013667872868747,0.04445176257083401,0.0140324217526233,0.04852704089466,0.0842803784783976,0.0036518604187709,0.0,-0.01101385457107,0.0048320146838074
2020-07-28,0.0196593868668744,0.0145281005629094,-0.0058868588191312,0.0150501112021119,0.0078637364602149,-0.0179356382973265,-0.0371329790422216,0.0307019941016069,0.0072922986750425,0.0177752124362662
2020-07-29,0.0064073445750008,0.0093789566827808,0.0089257150756436,0.036468567620524,0.0206725708047197,0.0693124904214226,0.0199756954236436,0.0077724194192088,0.0451415237995291,0.0087559310150338
2020-07-30,0.0038247929333969,-0.0250784747947161,-0.017931816585801997,-0.0212439145760443,0.048668368907117,0.0277538627821716,0.0738430597940111,0.0051024036782836,-0.0198428364569291,-0.0141825524070515
2020-07-31,0.0267256512650284,0.0148337588351177,-0.0004414036708171,0.0043642203765972,0.0036474204570433,0.0040624836988314,0.0022935789870994,0.0016492582078138,0.0039073451889199,0.0258063770668464
2020-08-03,-0.0006196609767616,0.0143323684025427,0.0334305062405282,0.0071006215495761,0.0012128564252091,0.0058544912130837,-0.0057438411792523,-0.0061987938692507,-0.011016823216611,-0.0058674928072184
2020-08-04,0.0117083955607375,-0.0066628839677269,0.018193859164779,-0.0270932906555256,-0.0320224405684061,-0.0229151799564553,-0.0233110788684469,-0.0065155841510353,0.0148164663589485,-0.0100515071215916
2020-08-05,0.0236973815014396,-0.0058426486784473,-0.0052548728383587,0.014832903739105,0.0087227967403538,-0.0394482703280028,0.0324854551444881,0.0220091414917895,0.0326674787704748,0.0081944963743794
2020-08-06,-0.022472855852059,-0.0126639035960929,-0.0112325012706619,0.0553439730527323,-0.0062227954382692,-0.046787732504768,0.0,-0.0274481061584861,0.0067808967889009,-0.0274409257082988
2020-08-07,-0.0220954636278172,-0.0027277172295203,-0.0226327151761944,-0.0493927553295763,0.0487307129045886,0.0450110071336169,0.0380785085745043,-0.0219136499099033,-0.0434337369676383,-0.0230395021187872
2020-08-10,0.0115505504512025,-0.0222932886086315,0.0104099834027837,0.0129693309327771,0.0361977639360318,0.0799971090779658,-0.0055096558109695,-0.0162839537401282,-0.0199790916020878,-0.0119537414786572
2020-08-11,0.0004415985940608,-0.0023968851982534,-0.0043243310630027,0.0315168284047637,-0.0126949194812491,-0.0012319486877387,-0.0099945307249957,-0.0075835276665152,-0.0244557860646938,-0.0218140466433904
2020-08-12,-0.0368746813671903,-0.0393607089536365,-0.0054318438823619,0.0562751887494119,-0.0034904049397681,-0.0405309808491178,-0.018018505502678,-0.0074939737974082,-0.0195094663885431,-0.0127187724077746
2020-08-13,-0.0186800327214866,0.0121977944036135,-0.0332256476283201,-0.0264556106799411,-0.0152674721307888,0.0055472725993466,-0.004555816535861,0.0,-0.0050617943419624,0.0015987213636963
2020-08-14,0.0069764479970624,0.0303574864991196,0.0123112914794503,-0.0114498019091411,0.0233928795747058,0.0070671672230924,-0.0091743762760412,0.0240448742540033,-0.000199024779242,0.008652554300049
2020-08-17,-0.0090321392461207,0.00228981134447,0.0134793776613517,0.0025969222533861,0.0,-0.0190536121034607,-0.002306806097915,0.0953756269721219,0.0029812205325638,-0.0054627589319489
2020-08-18,0.0200941989519796,-0.0177581792256091,-0.0028574588076692,-0.0100540783614686,-0.0174931574475172,-0.0241185597617477,0.019440292041525004,0.0864658530003223,0.0177030587086699,0.0157981168765912
2020-08-19,-0.026004437085775003,-0.0072129128684812,-0.0206834905991173,-0.0288554568325554,-0.038374012881615,-0.0154122789948871,0.0190695627203507,-0.0157293019085438,-0.0323967110458545,-0.0318498258870985
2020-08-20,-0.0072713857376118,-0.018419000935708998,-0.0074433635637594,-0.0269389704357867,-0.0024479816386402,0.0053619431413851,-0.0548082364949951,-0.0122700925918142,0.016874245925991998,0.0044882943975101
2020-08-21,-9.478223787962037e-05,0.0293702359147971,0.0252612068805531,0.0015816531569301,0.0085418457129629,0.0060718439042073,-0.0141846349919565,0.0404070936459746,0.0213545189752446,0.0233409204696757
2020-08-24,-9.479122240385608e-05,0.0024174064955388,0.0196727655987047,0.0070866438309913,-0.0097680874362069,-0.0017733121242260001,0.0011897681355885,0.0,0.0035795520250889,0.0001888276952888
2020-08-25,0.0094349223335745,0.0030135633052639,0.0032414939241709,-0.0234184149173621,-0.0173271661725036,0.0168662794120626,-0.0326312939704074,0.0148290348292823,0.0167588312983362,0.0135027368769327
2020-08-26,0.0038427340037072,-0.0121091287897492,0.0754016333949421,-0.0359809868188243,-0.0163628572104799,-0.0084709138048921,-0.009876623495911998,0.0342208153473562,0.0160154153219762,-0.0156764110832403
2020-08-27,0.0130113359759453,0.0090955654844853,0.010548411073155,0.028321203348681,-0.0089229400181931,0.0389781131571691,0.009876623495911998,-0.0003387342662097,0.0321866864959021,0.0316915362532217
2020-08-28,0.0246250473053892,0.0261147740246849,0.0141539614711496,0.0247814440130653,0.0063816425895204,0.0294670382010684,0.0097800290536396,0.0177966530336597,0.0605713864361883,0.0360664334323992
2020-08-31,-0.0098683522315248,-0.0192970215285575,0.0143413310692395,0.0003947108794091,0.0423475478290922,-0.0398180700040669,-0.0061013001961773,0.0100447889111148,-0.0470880360989021,0.0091820467043799
2020-09-01,-0.0204979831843914,-0.0245802088359674,0.0333048757203795,0.0222448196810254,-0.013505423199807,0.0210148062102533,-0.0012247398958957,0.0079856027930702,0.003565066164497,0.0127667481873965
2020-09-02,0.0203159995624151,0.0142351158218714,-0.00559911877105,-0.0258028388526496,0.0244212380768029,-0.0178840223807412,-0.0049140148024289,0.0073817095933916,0.0167626333411741,0.0012965499187176
2020-09-03,-0.0161456585013874,0.0062399558348049,0.0041090831070276,-0.0159684031787312,-0.0133578185325475,-0.0299993653166952,-0.0136393930933187,-0.0127348659830897,-0.0043840491085349,-0.0098962004437845
2020-09-04,-0.0272808106547843,0.0122651983801986,-0.0216682994791295,-0.0012079727661764,0.0085210497319336,-0.016534182392597,-0.0050062682781439,-0.0381828030692377,-0.0451150276974159,-0.0231815993430393
2020-09-07,-0.046293757980762004,-0.0185051542150036,-0.0283994745216982,-0.0331793695432991,-0.002427185657611,-0.0661474360631961,-0.0138978863610086,-0.0332071930174349,-0.0451289210392449,-0.0332552088760609
2020-09-08,0.0041720533347655,0.0061396197086986,-0.0080669399589021,-0.0163765994639457,0.0084695001135739,-0.009908983107489,0.0288421246292851,0.0072676442264834,0.0009612612486806,0.0118978021078683
2020-09-09,-0.0271291630267578,-0.0157770262819409,-0.032118377017011,-0.0656116341150823,-0.001205545655349,-0.0222502073929788,0.0037014231031862,-0.0275904067695504,-0.039889653215825,-0.0523660239464511
2020-09-10,-0.0029581293565676,-0.0009178522902288,0.0,-0.0177883823857958,-0.0121360712822253,0.0195159877563186,0.0012307693861326,0.0321350746161384,-0.0018014416400911,0.0190095056675563
2020-09-11,0.0031618160870809,0.0019367010793311,0.0167901183078806,0.0249956207907451,-0.0513575596746775,0.0953248211999424,0.0409695851042437,0.0375379193190656,0.00369944930243,0.0333261134384414
2020-09-14,-0.0061287219413728,-0.0020387366898475,-0.0038187163278267,0.0164704368699597,-0.0446854893452997,-0.034255024550319,0.0094007742847059,0.0953101798043247,0.0044809634350366,0.023855003680997
2020-09-15,0.0112074530203889,-0.0031682790057212,0.0024135168594252,0.0057231060899929,0.0133513331748642,0.011599135843352001,0.0127834396256747,0.0032523659119503,0.0182136464926623,0.0037929342891036
2020-09-16,-0.0142859572474769,0.0013298554463601,-0.0225504730940828,0.0178381932484046,-0.0296118540466447,0.0251418152631943,0.0057570682900678,0.0193946691211595,-0.0387915369698737,-0.0300223683094147
2020-09-17,-0.0209790641449147,-0.0055356368933541,-0.0222300626079885,0.0038734715957966,-0.0262990935470155,-0.0096860164372207,-0.022055450023186998,-0.0058891221758301,-0.0013193283488783,-0.0327136317662599
2020-09-18,0.0135517553983515,0.0078841344244979,0.0020986366569211,0.005995735306334001,0.0028011222797117,0.0045611790987365,0.022055450023186998,0.0067844219123305,-0.0007111292015036,0.0196451593799418
2020-09-21,-0.0142867021477961,-0.008192570143799,-0.0113853222251254,-0.0115955776373279,0.0,-0.0131512793135417,0.0159456681554264,-0.0005967774197399,-0.0081633106391603,-0.0133666895326349
2020-09-22,-0.0018923470743761,-0.0160666840396475,-0.0068085369396535,-0.0065005646030935,-0.0013995803544233,-0.0245438805309019,-0.0182445197425371,-0.0096976516062401,-0.0056511838040274,0.0531691742560704
2020-09-23,0.0307748474473488,-0.0093434095290403,0.0354446246876083,0.0086580627431147,0.0013995803544233,0.0563111715627151,0.0394862351267844,0.0293032251480545,0.0238251953648944,-0.0010094113614256
2020-09-24,-0.0119073466007142,-0.0109232752684276,-0.0256718679192378,-0.0391172702278233,0.0,-0.0214091043095479,-0.0722377004192287,0.0019493183560497,0.0024118190768511,-0.017227083909546
2020-09-25,0.0116011772866926,0.023604889441354,0.016147986407982,-0.0008968610466637,0.0013976242666379997,0.009523183831563,0.0011883542693786,0.0145959770698231,0.0111788767700273,-0.0027537806208641
2020-09-28,-0.014082568138078002,-0.0054302556161101,0.0117879557520423,-0.0199372258561782,-0.0056022555486698,0.0451869076049566,0.0315631110230656,0.0011508584755421,-0.0016887700829739,0.0014837471873754
2020-09-29,0.0405735164471661,0.0154816329187665,0.0181323089422345,0.0158913673366347,-0.0141445073861647,-0.0005576467452472,-0.0127390257774298,-0.0023030429525014,0.0228042120961848,0.0263966835634983
2020-09-30,0.008906540816203,0.0043209943774131,0.0374486552375974,0.0695932917991952,0.0127390257774298,0.0190613505978172,0.023042494147154,-0.0086839603997539,0.0004857906337951,0.025229394563075002
2020-10-09,0.0213468800883447,0.0050176747536001,0.0338432069164826,0.0314335226015125,0.0042105325363435,0.09532261769261999,0.053227641011063,-0.0032031087808528,0.0477025913163418,0.0286097972299126
2020-10-12,0.0388719799047105,-0.0092355710330815,0.0726834896315256,0.0511914976754965,0.004192878260035999,0.0378324556718894,0.012875714360044999,0.0281816790774289,0.0208044895368146,0.0503713392186648
2020-10-13,0.0110702237542463,0.0015451973200661,0.0147508097581487,0.0107734785780828,-0.0084034107963795,0.046792161506759,0.0116588496037031,0.0018885746878679998,0.0258754755880543,0.0023869524660273
2020-10-14,-0.0043212497712197,-0.0015451973200661,-0.0050082135593303,-0.0185405079157425,-0.0127390257774298,-0.0186878203529889,0.0063025418708027,0.0086417971586509,0.0049374108414808,0.0118500399174958
2020-10-15,0.0071612498478206,-0.0016508464335247,-0.0086941949146011,-0.0105821093305369,0.0028449521322313,-0.0203500523737654,-0.0190280582423083,0.0002805442576967,0.0022841088732175,-0.0274411507610707
2020-10-16,-0.0082675466325436,-0.0055918132657781,-0.0031485070613337,-0.0434851119397388,0.0014194466542263,-0.0260036320287282,-0.0172232459831152,-0.0041225580733401,0.0064725145056172,0.0102790133586845
2020-10-19,-0.0267355613788708,-0.0052056338272654,-0.0153591155946521,-0.012422519998557,-0.0028409110016038,-0.0839226483844761,-0.0153175861401702,-0.0335098892254386,-0.0158175529797084,-0.0215079420371537
2020-10-20,0.0213711385996511,0.0318465536518521,0.0206011335392357,0.0255052904083616,-0.0288620322398747,0.0219096989744009,0.0044004471448215,0.0372583707957723,0.0412116440177552,0.0121433251061109
2020-10-21,0.0044415729536648,0.0010106115059231,0.0138458425138363,-0.0213472802596981,-0.0495224966811074,-0.005987262451465999,-0.0323508412531667,-0.0283659866630641,0.0114934080209767,-0.0147589166035508
2020-10-22,0.0004615313692486,0.0004039588016961,0.0054851011707555,0.0953101798043247,0.0495224966811074,0.0016956894430286,-0.0034071583216146,-0.0055000862345666,-0.0034510366307234,-0.0025403949906559
2020-10-23,-0.0393388448998486,0.0161253431495147,-0.0226476963105861,-0.022121420750361002,0.0485809810288302,-0.0415118801189589,-0.0265145215434348,-0.0342519458727341,-0.030911318503052,-0.0294767532035233
2020-10-26,0.0047879053448998,0.0133236611984699,-0.0068427322001189,0.0456080548561499,0.0489893872002731,0.0489130695227615,0.0116145324206931,0.021691535380781998,-0.0006089339494845,0.0222850447894344
2020-10-27,0.0363028186623548,-0.0021591921235843,0.0788502309752328,-0.0302996808985049,0.0249193222248824,0.0264265075094076,-0.0281048943201085,0.0158448029343611,0.0586366107092599,-0.0007716475056316
2020-10-28,0.0096264781896149,-0.0075940993195935,0.0230006118530736,0.0291936900023559,-0.003893580519132,0.0076561403158885,-0.0047619137602432,0.0209951408721762,0.0381596648897275,0.0306246106553134
2020-10-29,0.0283356038688724,0.0172739597958893,-0.0078218931800302,-0.0216264953609255,-0.0104576116439578,-0.0046368903181859,-0.0095923996914395,0.0075266137610068,0.0112321017480114,0.0546299674865897
2020-10-30,-0.0002661107923627,-0.0001946282606377,-0.00224611036192,-0.0064284585153417,0.0272213826836251,-0.046932827156402006,-0.0109025913382154,0.0021534580673483,-0.0319830458530505,-0.0209780013219829
