date,601699,600900,600660,601808,601225,000983,600674,002001,002179,003816
2022-04-07,0.0157682232679423,0.0137688162325391,-0.0467679187886642,-0.0409713485642933,0.0223472986919968,0.0008442381252806,-0.0142732128741167,0.0119582889888731,-0.0214403312378692,-0.0072464085207673
2022-04-08,0.03020260385142,0.0231098141528267,-0.0168071183163811,-0.0067441244753729,0.0403062077498033,0.010910725106163,0.0142732128741167,0.0156276215967081,-0.0143438692524284,0.0036297680505785
2022-04-11,-0.0478798318352864,-0.0112701669710397,-0.0652578347379231,-0.0067899166934743,0.0082208331448572,-0.0382862584063357,-0.0160717745100318,-0.0141428403291286,-0.0528814365953582,-0.0036297680505785
2022-04-12,0.0082461615386586,0.0043497241264658,0.0253342552174546,-0.0037921926370625,0.0064121467148337,0.0441123256556963,-0.0081337999267701,0.0053270324255376,-0.0202027073175194,0.0
2022-04-13,0.0564913843781544,0.0021677875387133,-0.0116130337376607,0.014334458949087,0.0269434469860492,0.0588167890127246,-0.0063723474622587,-0.0696677491909874,-0.04054609439435,-0.0109690313705739
2022-04-14,0.0719734996250891,0.0064753086173063,0.0341286511299965,0.0082059393703235,0.037195517291082,0.0680534632450156,-0.0027434859457504,-0.0143428753594041,0.0218565114430804,0.0
2022-04-15,-0.0055710450494554,0.0068610903799455,0.095338686482016,0.0263944941229419,-0.0445756245887043,0.0954430790004807,-0.00275103337189,0.0190784801052386,-0.0186245828236355,0.0
2022-04-18,-0.0323616091191945,-0.0194180858571018,0.0163984449310117,-0.0338516502310239,-0.0265604527843756,-0.0269376557318086,0.0226972975542687,-0.0271365414350013,0.041360570001161,0.0036697288889624
2022-04-19,0.0674914564101945,0.0104032147608865,-0.0229764752284613,0.0141213792172103,0.0214190532839566,0.0135595297856321,0.0008972634069901,0.0090206797259311,-0.0002692514825097,0.0253178079842897
2022-04-20,-0.0855414369924809,0.0068758328474656,-0.0017231480426822,-0.0368324234774251,-0.0481031150183932,-0.0661110251120624,-0.0190137009122928,-0.0322661199108833,-0.0055356922567879,-0.0143887374520996
2022-04-21,-0.0094451705715186,0.0081041177172243,-0.0171043450952907,-0.0177679452207399,-0.0054233335699906,-0.0329097340887978,-0.019382240351228,-0.0278775399724326,-0.0421711757607345,-0.0072727593290795
2022-04-22,0.0620889040569405,0.0063519163385636,-0.0099912673635707,0.0085371104452094,0.0012077296153996,0.0278610396288185,0.041082911084346,-0.0106147204483941,-0.0036785553648597,0.0567528165924493
2022-04-25,-0.1051128069619844,-0.0330431263241552,-0.0456203557580794,-0.0779197695028726,-0.0412747222122855,-0.0634304344007228,-0.0476280489892548,-0.0754063123157022,-0.0665154325981438,-0.0279738520424059
2022-04-26,-0.1050165775632923,0.0117112594209016,0.0162505492410693,-0.050546090871697,-0.0391200892852152,-0.0546237876980004,-0.0056444176196768,-0.0413015700277799,-0.0610602567612463,-0.0287789645500433
2022-04-27,0.0311467289968367,-0.0134579847558433,0.0466444272716888,0.0513811639891184,0.0378614358780189,0.0638263066291622,0.0121895555245856,0.0187780953606968,0.0885533973414451,0.0144930073025666
2022-04-28,0.06952606264861,0.0056657375356774,-0.0075757938084581,0.0,0.0891082534132143,0.0799252609648455,0.0239422117729226,-0.0041849024363527,0.0397307582183179,0.0035906681307287
2022-04-29,-0.0373816093220429,-0.012683310194324,0.0390069525980401,0.0416897314501829,-0.008678099008756,-0.0113395970575815,0.0036330648498812,0.0203780636534789,0.0697480159442074,0.014235115821872
2022-05-05,-0.0321444533265671,0.0157208477869481,0.0111889279178059,0.0252977917711567,-0.0241117238142347,-0.033336420267592,0.0232985448961593,0.0078139932473484,0.0415298020895402,0.0070422826254128
2022-05-06,-0.0394340692454071,-0.0157208477869481,0.0016675934937282,-0.0117786991926127,0.0,-0.0216023297984899,-0.0214869501978083,-0.0164428218755481,-0.0082713457506775,-0.028471674081312
2022-05-09,-0.0231508059462139,-0.0168668002118961,-0.0278773508030778,-0.0023724803536304,-0.0143887374520996,-0.0344729654207425,0.0045146803545264,-0.0113680648281735,0.034535987060134,0.0
2022-05-10,-0.0614677734783577,0.0221345911467549,0.0099446763596833,-0.0167668598570669,-0.0457151866176057,-0.0760884679248548,0.0222726356091231,-0.0130419953703961,-0.0100490889699313,0.0249567319738674
2022-05-11,0.0493291024740423,-0.0127783188391221,0.0388182920957911,0.0024125464053836,0.0347861160854154,0.0363376064735625,-0.0133039656263629,0.0221467623633153,0.0166928141945543,-0.0177624563398404
2022-05-12,-0.0584269665915684,-0.0107000575042461,0.0040711143214711,-0.0032180236942007,-0.0122851667945775,-0.0498856545108687,-0.0089686699827602,0.0067745836817554,-0.028735107236673,0.0035778213478838
2022-05-13,0.0143669767975378,0.0404095383378768,0.019579544611251,0.0151942147409163,0.0417609849275311,0.0210889300219192,0.0380072259626791,0.0085901555302108,-0.0081095223951894,0.0035650661644963
2022-05-16,0.0433413408231087,-0.0103852080072277,-0.0013289038500539,0.0118344576470028,0.0228547890974049,0.0716604289207318,-0.0095861300531034,-0.0429315690446205,0.0027950723316969,-0.0071428875123802
2022-05-17,0.0163996545330751,0.0004348771540594,0.0171395098766962,0.0293684167102701,0.0023148158484516,0.0077399767203174,-0.0087951314528273,-0.0554700335990379,0.0157344803176844,-0.0035906681307287
2022-05-18,-0.0345358063257825,-0.0096112579101137,-0.0065574005461592,-0.0168974834561539,-0.0139699594402005,-0.0377106741908663,0.0140353181163837,0.0574091460934074,-0.000249812641818,0.0
2022-05-19,0.0021937851577131,0.0217116648442012,-0.0402738991379396,-0.0250993568022952,0.0075912773312252,0.0023990415344661,0.0086730812534288,-0.012083561566142,0.0191778225273369,0.0
2022-05-20,0.0711818544843332,0.0008587377084174,0.0103571380999469,0.0165423228693155,0.0365546124802906,0.0915272566257869,0.0137223422551011,0.0109205453466612,-0.0073801072976218,0.0142859572474767
2022-05-23,0.0047506027585977,-0.0173164500114606,-0.0005424464467158,0.0139645403503725,0.019439656874284,-0.0073153215763732,-0.0076956343882406,0.0131023068971889,-0.0099256397999702,0.0
2022-05-24,-0.0115765678289974,-0.0004367765957185,0.0481957183434165,-0.0092879924664708,-0.0016515280384732,-0.0313224711290409,-0.0225704025526187,-0.0326877351295737,-0.0100251466193785,-0.0251359732715423
2022-05-25,0.0296917898074027,0.0138830863218699,0.0082389755445526,0.0441136162855304,0.0196405658745466,0.0291173985707273,0.0311174631310771,-0.2027826286652945,0.0100251466193785,0.0180185055026782
2022-05-26,0.0524561818015958,0.0251023603910836,-0.0077220460939102,0.0408219945202548,0.0365991524483297,0.0396734323053742,0.0160408673742877,-0.0043699996711183,0.0418787925209658,0.0035650661644963
2022-05-27,-0.0056944158935565,-0.0033670065479043,-0.0185166328362016,0.0316370849431826,0.008298802814695,0.0258304064276697,-0.0084104785085963,-0.0029239786914354,-0.0002391772314682,-0.0035650661644963
2022-05-30,0.004431789463188,0.000842815051997,0.0488026987177807,-0.0013850417726617,-0.0187701026819908,-0.0124828250560158,0.0092476489216601,-0.0103017835278258,-0.009372815551794,-0.0071684894786125
2022-05-31,0.0062972500290361,0.0117254274703157,0.0062476774508768,0.0427328495859682,-0.0015801952195175,-0.0041958103513355,0.0075031615031551,0.0224290240783986,0.0019298040001842,0.0071684894786125
2022-06-01,0.0174242118256278,0.0087047181765966,0.0248505837548869,0.0112249445353227,0.0193167060782255,0.0201186112797948,-0.0142202312590984,-0.0028971531611525,0.000722717448947,0.0035650661644963
2022-06-02,-0.0493146693725154,-0.012876605746003,0.0166288926335886,-0.0252673016583617,-0.0309817376087284,-0.0385066824196242,-0.0152804331375993,0.0153553880831944,0.0344392357150056,-0.0071428875123802
2022-06-06,0.0536236941993251,0.0087409505545092,0.0271147107515226,0.0278902539818326,0.0320153294320113,0.0535035551711398,0.0042680389159732,0.0094787439545438,0.0249309253372596,0.0035778213478838
2022-06-07,0.0116031836151542,-0.019247456111048,-0.0364796489268863,0.0155948579579061,-0.0036222549307933,0.0214198283008233,-0.0034129725962399,0.0384039791362851,-0.0098062359363488,-0.0071684894786125
2022-06-08,0.0422053723665607,0.0042158578462099,0.0098428354365496,0.0204218967044735,0.0500483518053447,0.0727825909126531,0.0076628727455689,0.0049807664662386,-0.0088623472373861,0.0107335556431089
2022-06-09,-0.00818239515494,-0.0025273812947883,-0.035996104133162,-0.0025300456253702,0.0286775423661267,-0.0024660924951938,0.0042319149065801,-0.011356015745719,-0.0124470867743067,0.0
2022-06-10,0.0209066848193137,0.0129899165745235,0.0488137493532208,0.0037926720557388,0.0203943516262703,0.0055401803756156,0.0200675630508091,0.0252607026534916,0.0435199787485327,0.0035524016043677
2022-06-13,-0.023256862164267,-0.0312921937886003,0.0168385643628292,-0.0088720480557595,0.0079495391753101,-0.0192134822758252,-0.0200675630508091,-0.0093981448058815,-0.3689333750007177,-0.0106952891167479
2022-06-14,0.0087848295557324,0.0304592074847085,0.0060115787979868,0.0201645143539317,0.0157119683228477,0.0124379712922171,0.0117549632314437,0.0274961889842826,-0.0363076183597579,0.0071428875123802
2022-06-15,-0.0253925659553932,-0.0138454068220532,-0.0090309748905381,-0.0195281796204009,-0.020380510882481,-0.0397152730051026,-0.0016708441648174,0.0100109649997395,-0.0060687981272531,0.0035524016043677
2022-06-16,-0.0546987337636344,-0.0187638767435744,-0.010287675488807,-0.03035428394764,-0.0415631831866938,-0.0824034770927433,-0.0177145079323177,-0.0043402845913136,0.0119339175796513,-0.0071174677688641
2022-06-17,-0.0172033551426751,0.0158021652492466,-0.0023529422620267,-0.0065789710980421,0.0111570403033258,-0.0161918356219108,0.0126851595273156,0.0090929398971741,0.0041684095371792,-0.0035778213478838
2022-06-20,-0.083744925181886,-0.0201162357882167,0.0072761733994881,-0.0732451812254821,-0.0673403199850684,-0.1054393769015091,0.0016792615197198,0.011144564553065,0.0156833590155516,0.0
2022-06-21,0.0055749273309166,0.0008643042888953,-0.01436840170898,0.006371702972693,0.0178987135719039,-0.0031595602903684,0.008354267469858,-0.0267834584375199,-0.0041034115845919,0.0071428875123802
2022-06-22,-0.0267621605503607,0.0021574981400211,-0.0080991390793907,-0.0264584615394301,-0.0173828507799633,-0.0313404517279751,-0.0117156151725628,-0.0105634785095691,-0.0368550923891541,-0.0071428875123802
2022-06-23,0.0239785818567144,-0.0043196611445166,0.0490065392051524,0.0036166404701885,0.0269667829018915,0.0241947285870569,0.0016820861829849,0.0044150182091167,0.0391550769745956,0.0
2022-06-24,-0.0478150300112258,0.0116205310230186,0.0040909147962202,-0.0152785802180317,-0.0050327232546103,-0.0184967074724191,-0.0042105325363435,-0.0066298585386697,0.0489933098021087,0.0
2022-06-27,0.0471179229770699,-0.0025706955031008,-0.0185423648316205,0.0289037461823489,0.0463365293958459,0.0529558725771344,0.0,0.0193242728264029,0.0104143320988301,0.0035778213478838
2022-06-28,0.0179686935428167,-0.008617028761376,0.0027688065681332,0.0056818334674311,0.0252094206077,0.0370272748016526,0.0142440615259213,0.0008695652721844,0.0226274751024631,0.0035650661644963
2022-06-29,0.0054644944720787,0.0017293562459537,-0.0457303340987258,-0.0128298267327182,0.0037505904256684,0.0117995469311549,-0.0041684095371796,-0.0100459460282387,-0.0303890787985405,-0.0035650661644963
2022-06-30,-0.004095568864737,-0.0012967367280665,0.0084064383608404,0.0007171029349968,-0.0089307291577958,-0.0184984927122346,-0.0041858579326783,0.0013160782772607,-0.0133345767496129,0.0
2022-07-01,0.0182993923742849,0.0506010132937895,-0.023473552072009,-0.0217399866364056,0.0270160818144815,0.002982850832065,0.0248562921062456,-0.0208202426552421,-0.0136748831578783,0.0
2022-07-04,-0.0176156316638844,0.0012327924306325,0.0232343462342456,0.0217399866364056,0.0118777093067916,-0.015004032408282,0.0210534091978322,0.0221345911467549,0.0413981973595909,0.0281708769666964
2022-07-05,0.0480412590011729,-0.0045276883274851,-0.0168882180285212,0.0050053733390695,0.0391857792656602,0.046520015634893,-0.0032102756302481,0.0008752735788548,-0.0080197838843947,0.0069204428445737
2022-07-06,-0.0715554820914299,-0.0074534506545806,0.0084797600791146,-0.0459767219033628,-0.0635491999057751,-0.0563947635546515,0.0455695494693899,-0.0474786885716209,-0.0105854039466404,-0.013889112160667
2022-07-07,0.0020971695907237,0.0016611299500763,0.0374096652692044,-0.01051060727085,0.0202678517753778,0.0151518050206025,0.0160003413464409,-0.0110702237542472,0.0074836644871734,-0.0105449131766148
2022-07-08,-0.0197467629348349,0.0041407926660315,-0.0206628624026437,0.0052691126800117,-0.0906244127520699,-0.0251250368993556,0.0429059892943364,-0.0079162229464819,-0.0148660902248565,0.0035273405179683
2022-07-11,-0.0245145657635856,0.0200456701944471,-0.0203721844808777,-0.0120847392150715,-0.0201721413893571,-0.0345132294203756,-0.0182686849089512,-0.0042164503789345,0.01734825097801,0.0070175726586465
2022-07-12,0.0108893997992685,0.0084695001135739,0.0043488833943396,-0.0045696956900656,0.0365131833939522,0.0111112254250707,0.0510351489764957,-0.0165684263472329,0.0013935126509885,0.0034904049397685
2022-07-13,-0.002892265212147,0.0028073008210198,-0.0140813203125707,-0.0061255934266823,-0.0198419207990041,-0.0576692458105618,0.0041958103513355,-0.0033468833537084,-0.023641022737185,0.0206903932574462
2022-07-14,0.0072150385141509,-0.0044150182091167,0.0145633641878966,-0.0100348198293271,0.0079840743482209,0.007496911414178,-0.0175998911101844,0.0033468833537084,0.0169655341582961,-0.0241807981972148
2022-07-15,-0.0072150385141509,-0.0227837357360622,0.0074421181318213,-0.0235489688948402,-0.0447228999939781,-0.0311866825365827,-0.0251721309500165,-0.0163622514657788,-0.0031201273362437,-0.0212022076506031
2022-07-18,0.0418352391607541,0.0263974718510247,0.0009562515670107,0.0343515430804979,0.0491860861779693,0.0410959295993547,0.0180445170257845,0.0357436191896263,0.0208743567105598,0.0246926125903717
2022-07-19,-0.0013898542890542,0.0040000053333462,0.0137638622787488,0.0152325869901104,-0.0174698727985034,-0.0065952423727346,-0.0209620975053068,0.0107102304347219,0.0019873124327025,-0.0105079775984151
2022-07-20,-0.0147112985903112,-0.0044008872789831,-0.0149593196835229,0.007530156063753,0.0040201059166657,-0.0033140046900372,-0.0095413567881079,0.0004630701634034,0.0065454225616949,0.0
2022-07-21,-0.047696901730482,-0.0380025300187285,-0.0021554313218565,-0.0128352082934459,-0.055684487328381,-0.0311866825365827,-0.040637645731826,-0.0046403795565024,-0.0196114757898246,-0.0177624563398404
2022-07-22,-0.0029651615498345,0.0049854694037785,0.0093068324794818,-0.0022822375824662,-0.01280700535639,-0.0103271141558498,0.0045977092486291,-0.012637659418452,-0.0129255089240603,0.0
2022-07-25,0.004444451760424,-0.0012440391403312,-0.0269635978775819,-0.0138039001691585,0.0186225120980014,0.0163023773459367,-0.0115341532452863,-0.0094652860005566,-0.022508479171087,-0.007194275634027
2022-07-26,0.0154018446115062,0.0,0.0075361970872451,0.0221467623633158,0.0270427295725466,0.0126851595273156,-0.0007736944293101,-0.0057224762740659,0.0179526626352268,0.0036036075032983
2022-07-27,0.0144511185381746,-0.007496911414178,0.0115580386110849,0.0007550019233688,-0.0041131163385506,0.0033557078469721,-0.0108950494050672,0.0009560230173661,-0.0085389513142324,-0.007220247973487
2022-07-28,0.0324658012495771,-0.0008364701449661,0.0007179610216265,0.0172095530519298,0.0030864222031894,0.036995587676595,-0.0133912989725604,0.0,0.0069631552112889,0.0036166404701887
2022-07-29,-0.0447358938413913,-0.0008371704130638,-0.0188365868864757,-0.0194762710606206,-0.0186630611319262,-0.0555929114921842,-0.011164390284883,-0.0149220578690947,-0.0387477135386289,-0.0036166404701887
2022-08-01,0.0101156931947881,-0.0041963972617655,0.0029211315805763,0.0120302202765421,0.0227635281791931,0.0135595297856321,0.0245556892574434,-0.0195892649964886,0.0193203509424861,-0.0072727593290795
2022-08-02,-0.0358618743918159,-0.0067510804934194,-0.0268522107104427,-0.0196232711841393,-0.0196287293738217,-0.0273054506902674,-0.0301849763383974,-0.0285948752770548,-0.0144143721736318,-0.0221411258772135
2022-08-03,-0.0112402831994193,-0.0076498460604041,-0.0171245685587222,-0.0076511467355198,0.0062402698600845,-0.0148150857851403,0.0024164329116285,-0.0051020518838953,0.0330529045640046,-0.0074906717291576
2022-08-04,-0.0197875558197022,0.0173402526255381,-0.0112389433332817,-0.0046189458562944,-0.0135701456095795,-0.0070484873310618,0.0316732731049254,0.0101782049157557,-0.0191210414467786,0.0074906717291576
2022-08-05,-0.0069417941699581,0.0095974031062699,0.0064012508940303,0.0107445392829768,-0.025546892254614,-0.0115608224010759,-0.0093970934261822,0.0254950074734066,-0.0074277751480495,0.007434978487518
2022-08-08,0.0252210540777753,0.0024885952287654,-0.0035796509715027,-0.0068939376826917,0.0702499426770026,0.0386012836968121,0.0263990485673395,0.0004934616433711,0.009677494882065,0.0036968618813261
2022-08-09,0.0543452362451586,-0.0045671659210082,-0.0113344850741068,0.0190336922333025,0.0238342960641317,0.0388234410829033,-0.0256125758567264,-0.0139098119515996,0.0284829381332167,-0.0074074412778618
2022-08-10,-0.0173039645648094,-0.0058430884106592,-0.024122826762623,-0.0045351551653913,-0.0178222539075041,-0.0268472500361878,-0.0150497890039988,-0.0151212558612745,0.0160944359214632,-0.0037243990909823
2022-08-11,0.0115691818227712,0.0045938690102276,0.0385263679541476,0.0052890187517911,0.0004993757906524,0.0050890695074712,0.0221003470006659,0.0314947300592467,-0.0012288788028813,0.0111318403688441
2022-08-12,0.0206339586718633,0.0095377044804885,-0.0030690561174178,0.0369864643964472,0.0429963637628154,0.0308229315152281,0.0046729056993921,0.0405069842798178,-0.027424591895075,0.0073529743052588
2022-08-15,0.0181442521234038,-0.0091211245952722,0.0023026746774292,-0.0131580845775109,0.0066730466878479,0.0057259870148849,-0.0140847398817389,0.0103432986068003,0.0050425571708672,0.0072993024816114
2022-08-16,0.0006913239127737,-0.0045919512956968,-0.0007669692310012,-0.0170690600545526,-0.0042847006755488,0.0,0.0156375352247999,-0.0046882411234556,-0.0012582574796278,0.0
2022-08-17,0.0082588218913017,-0.0143281001540791,0.0043384015985985,0.0096835021111645,-0.0019102202561191,0.0,-0.004665638323551,0.0287189723490115,-0.014105947499293,0.0108500160240656
2022-08-18,-0.0089501458040754,-0.0068143364197301,0.0012724266890473,-0.0059479729260774,-0.0178446982544784,-0.0156188953986249,-0.0086106207155691,-0.0137933221323356,0.0030281320453431,-0.0181493185056771
2022-08-19,0.0286318126743272,0.0080868710559278,-0.0084280922844599,0.0155386034277791,0.0254637827309176,0.0293898704131794,0.0286730220098325,-0.0060367027994296,-0.0163648766834496,0.0253178079842897
2022-08-22,0.0265267543334282,-0.0046738984596879,0.0190530341291648,0.0275180288938923,0.025756516291806,0.052499324684486,0.0068519491525527,0.0675324048103171,0.0141345109349044,0.0106572944739882
2022-08-23,0.0155847310166983,-0.0107044481775777,-0.0157243919570539,0.035780737280838,0.0282607686472817,0.0098747479197585,0.0180456024691744,0.0534025181274273,0.00318471606752,0.0
2022-08-24,0.0508743922273011,-0.0030178940775233,-0.0206618920639569,-0.0069156568846655,-0.0031510266900283,0.0022650066308522,-0.0112402831994193,-0.0053796943318249,0.0031746058407726,-0.014235115821872
2022-08-25,0.0548082364949951,0.018396240714789,0.0062435166396852,0.0401277910907791,0.0620557301093436,0.081086367535184,0.0406109699954075,0.0033140046900372,-0.0132410006628074,0.0106952891167479
2022-08-26,0.009806827946988,-0.0085143128234959,-0.0114763909563437,-0.002002002670673,-0.0415284586965825,-0.0375531196595528,-0.02342713289514,-0.0108109161042153,-0.0252066357969855,0.003539826705124
2022-08-29,0.0034383988030324,-0.003855220024433,0.0093995470115042,0.0172189684755332,0.0196813700314217,0.0291731823528023,-0.0119226449569058,-0.0109290705321907,0.007383740167099,0.0035273405179683
2022-08-30,-0.0462476325536456,-0.0008587377084174,0.0057009742382305,0.0078483071261357,-0.0510881685193198,-0.0894368584876432,-0.0166292569715347,-0.0063599959982623,0.0115401524503919,0.0
2022-08-31,-0.0503792031354262,0.0296255267361309,0.0092593254127968,-0.0480412590011729,0.002730998511232,-0.0162353778709616,0.00532118321328,-0.0452447763547403,-0.0167852062713294,-0.0106195688274601
2022-09-01,0.0255068260360769,-0.0029233681291347,0.0099351218433505,0.0061328982686972,0.0663834091936621,0.0054411327400814,0.009056665677797,-0.0022276685532238,0.0204951871376755,-0.0071428875123802
2022-09-02,-0.0248769047554047,-0.0037712175430795,0.0083302261339426,0.0195095323446401,-0.0171604382656886,-0.0259142887654704,0.0007510327052226,-0.0152811962351195,0.0088162789528336,0.0071428875123802
2022-09-05,0.0551272452200706,0.0,-0.0205721540752081,0.0314780087834067,0.0596314339841086,0.048903806990169,-0.008292546578009,0.0342788959313193,-0.0039977665780943,0.0176371414861067
2022-09-06,0.0136137053687099,-0.0029430334465034,0.0335593496020192,0.016645710842865,0.0197786467683669,0.037179003241754,0.0127869361658485,0.0766368132010515,0.0248450155754209,0.0
2022-09-07,-0.0118274589872462,-0.0076078135326107,0.0059376720712167,-0.016645710842865,-0.0020004007470832,-0.005856532112713,-0.0059970194723741,0.0,0.0035884272845851,0.0034904049397685
2022-09-08,-0.0204334032309754,0.003388397989902,0.0171195181249053,-0.0254999106078983,-0.0088496152769823,0.0036643500144921,-0.0030120504699917,-0.0312911490710319,0.0086835713888682,0.0069444723528109
2022-09-09,0.0120701525731541,0.0109336665322916,-0.0085231247722084,-0.0059780981755084,0.0112496164289832,0.0195587545965194,-0.0098522964430114,0.0091590981667071,-0.0086835713888682,0.0034542348680874
2022-09-13,-0.0218322801297805,-0.0050314571553671,0.0094925867967563,-0.0120644894955295,-0.0222186477995571,-0.0115441397468654,-0.0061115545460026,-0.0062357300375723,0.0083747387736901,-0.017391742711869
2022-09-14,-0.0142021528821021,-0.0037902761737806,-0.0297501965252537,0.0026936043222227,-0.0057353700847442,-0.0175699981013832,-0.0170019551411573,-0.0322061733296226,0.032814732215078,-0.017699577099401
2022-09-15,0.0426114372882402,0.0008435259884391,-0.0145804493494954,-0.0067476639287753,-0.0024681213680839,0.0615799390978257,0.0007791196342701,-0.0226490517823885,-0.0286535179189666,0.0
2022-09-16,-0.0627126166093274,-0.0110217309041953,-0.0155674957063194,-0.0302428547032076,-0.0708184955033228,-0.0527563524393106,-0.0284379353205337,-0.0399963442738195,0.0032245709322458,-0.0289875368732521
2022-09-19,0.0269186832598111,0.0008521517345663,0.0035943556027269,0.0131717675565692,0.0136116261818384,0.0260130274637999,-0.0008016032493363,-0.0161778430109849,-0.0053800760008471,0.0
2022-09-20,0.0280164487369085,-0.0025586367903245,0.0099452560119468,0.0034376108104634,0.000871839636741,0.0315926590369484,0.0,-0.0093633642887507,0.0098160297376566,-0.0073801072976225
2022-09-21,-0.0042130667193038,0.0004268943501331,-0.0181799911711761,0.057349046167956,0.0,0.0116799678897732,0.017488522034351,0.0018796998015777,-0.0289561145413985,0.0073801072976225
2022-09-22,0.0250161943490674,-0.0004268943501331,-0.0264447927566919,-0.0051981923418633,0.0351063448655484,0.0355622848272751,-0.0047393453638964,-0.0051777004351718,0.0160527097054909,0.0036697288889624
2022-09-23,-0.0250161943490674,-0.0038502721362325,-0.0034551529389816,0.0039011752988185,-0.0281588570858128,-0.0267216968171526,0.0007914523563115,-0.0147376092657696,0.0075472056353822,0.0
2022-09-26,-0.0293778777167315,-0.0120743165906809,-0.0002662761299188,-0.0505763138689481,-0.0223155180080492,-0.0372456844415274,-0.020784121462261,-0.0062455163377306,-0.0299041127366592,-0.0259754864032606
2022-09-27,-0.0093604427595637,-0.0153008449553007,-0.0021327654045477,-0.0304943933540671,0.0022099456508026,-0.0148675304953167,-0.0072963436785067,0.0299096589201917,-0.0082553254989781,0.0074906717291576
2022-09-28,-0.0138891121606672,-0.01062897517706,-0.01994675297402,-0.0099010709827114,-0.0079787657318051,0.0021375141733108,-0.0098120165785076,0.0125495488515996,-0.0405032186170135,-0.0074906717291576
2022-09-29,0.0580409796925165,-0.0026749904493028,-0.0049126736357885,0.0127120355883616,0.0180820803143593,0.0465847175209752,-0.0157353143121325,0.0137616850726813,-0.0064951514876554,-0.0113422766039346
2022-09-30,0.0125187924051082,0.0150645294613958,-0.020454002185446,0.0069930354909706,-0.004819286435949,0.017508864788343,0.0041649372992842,0.0108745974233221,-0.0313984214575633,0.0037950709685516
2022-10-10,0.0023668650102663,0.0268996696376362,-0.0160453829423623,0.0575454856466004,0.0152541637285286,0.0172075721694269,0.0099256397999698,-0.0297300652162597,0.0104623199419187,0.0075472056353829
2022-10-11,0.0053050522296929,0.002565200209545,-0.0102682020271998,-0.0246432717023896,-0.0258502893600236,-0.0272713941086593,0.0122700925918146,-0.0144963960130777,0.0521886450197488,0.0149256502166756
2022-10-12,0.0116892038156777,-0.0090071378832257,0.0285451061187367,0.0047090568015724,0.0026595760357586,0.0006740815893935,0.0193242728264024,0.0018823534969807,0.033129323759879,0.0
2022-10-13,-0.0747786479965268,-0.007351384458655,-0.0036287548542026,-0.0196549871888054,-0.0438885182688495,-0.1020715307823687,-0.004796172263493,0.0032856166614614,-0.0084959604807517,0.0036968618813261
2022-10-14,0.0,-0.0034782643763247,0.0429673426211794,0.0270104198827625,0.0114970224776143,-0.0007465472537844,0.0008009611962047,0.0208679030829213,-0.0060222052052756,0.0073529743052588
2022-10-17,-0.0337504176302911,-0.0087489621932355,-0.0002679169473496,0.0099437345688553,-0.0138123742876112,0.0022379718404543,-0.0128930069612334,0.0059483131232864,0.0226318004601973,0.0036563112031104
2022-10-18,-0.0104167608582557,-0.0092695433094429,-0.0126737573437973,-0.0033036039295777,-0.0032505252674481,-0.0059790910560577,-0.0032493935983093,0.0022784243167039,0.0007766990681723,-0.0036563112031104
2022-10-19,-0.0145025613666267,-0.0080142904466491,-0.0065341915032006,-0.0363921560775346,0.0083372414378284,0.0082120655603703,-0.0057119698344942,-0.0929461125094444,-0.0023319093349787,-0.0073529743052588
2022-10-20,-0.0160646025038064,-0.0013419818609836,-0.0140285617933098,0.0436457322264263,-0.0129992545436397,-0.0347992753653398,-0.051207158033649,-0.0171288822629671,0.0015552102668063,0.0073529743052588
2022-10-21,-0.0054127331067506,0.003128494171781,-0.016760168857465,0.0006568144735306,0.0102278901832564,-0.0007701194065643,0.0119864448803679,-0.0341118345068629,-0.0078003515635876,0.0072993024816114
2022-10-24,-0.0143494091789988,-0.0262221172509833,-0.0265464425478367,0.0831189349160017,-0.0262433055052326,-0.0336890456981509,-0.0372821678151313,-0.0380436984308252,0.0376533147132684,0.0
2022-10-25,-0.0173555206707534,0.0082117249765181,-0.0014473877183061,-0.0042385773417463,-0.0162760893145472,-0.0307467585783571,0.0105449131766151,-0.029935716519859,0.0088595819385002,-0.0036429912785009
2022-10-26,0.0007000350303378,0.0,0.0075036427109096,0.0012128564252091,-0.0101868453069928,-0.0165703874295539,-0.0167478573012225,0.0178476572406438,-0.0019453803366822,0.0
2022-10-27,0.0076682146401787,-0.0474507617058286,-0.0060562549926035,0.0269074529199242,0.0293078867537714,0.0058309203107929,-0.0044543503493805,0.0159038175203369,0.0020948683405483,-0.0147061473896954
2022-10-28,0.0953101798043247,-0.0148790841923132,-0.0371286017279448,0.0262023723940241,0.0136376437635306,0.0041442247460263,-0.0189280098855189,-0.0281397877562041,0.0148370674304674,-0.0149256502166756
2022-10-31,0.0582450847031696,-0.0205185508196912,0.0035960482264187,-0.0356867351310339,-0.0751504439845649,-0.0596428871676102,0.0054446595482322,0.0027940783754476,-0.0314161962333789,-0.0075472056353829
2022-11-01,-0.0376257975004334,0.0029571238897436,0.0668168092992749,0.0948227579852569,-0.0260152391412353,0.0165436946857582,0.0018083187567836,0.0695135692336808,-0.023682484643559,0.0075472056353829
2022-11-02,-0.0062034938395947,0.0068661378131995,0.0215895459954857,0.0129172947858346,0.0330398540781997,-0.0051948168771041,0.0143500220298062,0.0,-0.0056179923042236,-0.0037664827954769
2022-11-03,-0.0043654575096399,-0.023739987303073,0.0049166993337568,0.004801289564833,-0.008032171697264,-0.0139862419747398,0.0008900757151928,-0.0088889474172457,0.007328324681036,-0.0037807228399059
2022-11-04,0.0428199971829283,0.0079761140700087,0.0366498153338814,-0.0297078287791885,0.0501333477158993,0.045599297409685,0.00532388125275,0.0207907696690736,-0.0115626288198242,0.0112995552539333
2022-11-07,0.0341410439532001,0.0,0.0018370297778669,-0.0054975399591947,0.0283572876299262,0.0257382410365205,0.0026513493216202,-0.003091192569673,-0.0285346529655337,0.0
2022-11-08,0.0103627870355462,-0.0044787335378382,-0.0010493180396178,0.0125994545400436,-0.0018656721829497,0.0016380020042383,0.000882223259691,-0.0108950494050668,0.0045175940013191,-0.0037523496185504
2022-11-09,-0.0202494625073539,0.0034851914789606,-0.0209528948995889,-0.0159125442630041,-0.0341913647482794,0.0,-0.0053050522296933,0.0015637219761828,-0.0008052178549249,0.0
2022-11-10,0.012198815230187,-0.0059820716775478,-0.005913995731567,-0.0510604384079207,-0.0097088141269607,-0.0057447839568918,0.0026560440581162,0.0,-0.0011283953804692,0.0
2022-11-11,0.0329388097124199,0.02225060893482,0.0056459351482702,0.0195971689521359,0.0188456894241118,0.0466322427827576,0.0105541876786903,0.0041580101486635,-0.0030692213739094,0.0112150708201399
2022-11-14,-0.0095425927605923,-0.0137865305226902,0.0024099623392528,0.0073926978710603,-0.0435383020144835,-0.0055139958532848,-0.0158733491562901,0.0062047768868827,-0.0118806833207507,-0.0112150708201399
2022-11-15,0.0184414279027227,0.0408021628907886,0.0111703289138191,-0.0062517964352686,0.0039920212695374,0.0172283039601772,0.0097302846425759,0.023937990494443,0.0149499046946601,0.0074906717291576
2022-11-16,0.0267702410646046,0.001902045271481,-0.0146532527293992,-0.0022831060145684,0.0153202897628355,0.0007760962748886,0.0087642979935882,-0.0249694501011052,0.0048270407483155,0.0
2022-11-17,-0.0651496692161983,0.0099268127854115,-0.0097088141269607,-0.0196197868696521,-0.0585730249856752,-0.0574779099516602,-0.0167183832349087,0.0061728591070808,-0.0067644000885414,0.0
2022-11-18,-0.0174119314768219,-0.0099268127854115,-0.0059799036582175,-0.0005829204478677,0.002596729581711,-0.0140672572114355,0.0088339797107597,0.0,-0.0135038251481525,0.0037243990909823
2022-11-21,-0.0046948443042076,0.0018984343622929,-0.015938782049429,-0.0046756368055995,-0.0135772320651552,0.0024968801985871,-0.0026420094628383,0.0142568606248651,0.0154411844883783,-0.0074627212015895
2022-11-22,-0.02200505085138,0.0122527451839502,0.0035946395681505,0.0133839646973843,0.0192664121373162,0.0066280275784134,0.0286851479988583,0.0200206887308969,-0.0126604515278252,0.0148701624794513
2022-11-23,0.0036014444689076,0.0004682744173605,0.0030315580610396,0.0092060489077225,0.0071942756340268,0.0065843859281793,0.0008565311016166,-0.0074608652477361,-0.0039279919571573,0.0146522767868703
2022-11-24,0.0266051754958898,0.0009358915049051,-0.0130177714238342,0.0102565001671894,0.0162522622446119,0.0089833188851917,0.010221554071538,0.0044831955538118,-0.0140370565086316,-0.0146522767868703
2022-11-25,0.0649395492331406,0.0199126746166382,-0.0016741075338497,0.0174210643556422,0.036115723272704,0.0296377319546756,0.0126317469059005,-0.0009945301665084,-0.0112050674815256,0.0146522767868703
2022-11-28,-0.0148722102225824,-0.0143156450799204,-0.0086944875289711,-0.038040351558378,-0.0300885829781796,-0.0231547270765974,0.0041753714104806,-0.0236608067766606,-0.0048891608813494,0.0
2022-11-29,0.0300651231844226,-0.0060648658025606,0.0195264223503555,0.0307716586667536,0.00349912878894,0.050404369523973,-0.0050125418235444,0.0096325206134721,-0.0120718970055024,0.0036297680505785
2022-11-30,0.0265690442477133,-0.0070439361452194,0.025366149357263,-0.0056274768657287,0.0064660757494565,0.0106952891167479,-0.0008378718546313,-0.0060728931578992,0.0030742978952957,-0.0036297680505785
2022-12-01,-0.0084255369419614,-0.0004713646092455,0.0085814417742398,-0.0062270226688201,-0.0281567117578656,-0.0038066281215627,-0.0067283685286843,0.0090955654844853,0.0219270043101218,-0.0036429912785009
2022-12-02,-0.0058340128344624,0.007515300754465,-0.017508864788343,-0.0039829355640774,-0.0226930831507017,-0.0145987994211527,0.0016863410404361,-0.0040322635279381,-0.0102289816179652,-0.0036563112031104
2022-12-05,0.0,0.0083877472187006,0.0108109161042158,-0.0011409014357917,0.0293004769477822,0.022197620179778,0.0025241914959073,0.0145402411263533,-0.0188861419530752,0.0324352757531538
2022-12-06,0.0047758116775145,-0.0130781873376113,-0.0016142053545413,-0.0161108202726985,0.0100807305283567,-0.0098897725051814,-0.0101352218940431,-0.0165624865071212,0.0099129165871039,-0.0071174677688641
2022-12-07,-0.023568311026882,-0.0165919900154234,0.0077779659917776,0.000579878241822,-0.0279702952791316,-0.0286952608276895,-0.0068143364197301,0.0185515473319783,0.0039039343480169,-0.0107720969819109
2022-12-08,0.0075594312468165,-0.0009564802259571,-0.0042838084251703,-0.0029027596579616,0.0066821117303859,-0.0023631361922831,-0.0034246608813641,-0.0099851054269968,-0.0090190350147869,-0.0036166404701887
2022-12-09,-0.0005380683476605,0.0009564802259571,0.0138558038702307,-0.0271083187580782,0.0081633106391607,0.0125393492527354,-0.0060215235706859,-0.0090726428775727,0.0,-0.0072727593290795
2022-12-12,-0.0135466715340788,-0.0115385895564936,-0.0361030589067303,-0.0083983696988312,-0.040970210110689,-0.0031201273362437,-0.0025917941074289,0.047463184060362,0.0176216013498198,-0.0036563112031104
2022-12-13,-0.0010917031651942,-0.0019361090268663,-0.0060539535476817,0.0072029122940575,0.0058062976530219,-0.0023465008811234,0.0034542348680877,-0.0214747149435843,-0.0176216013498198,0.0072993024816114
2022-12-14,0.0103233733978598,0.0004843787936796,-0.0027639597474364,0.0142520227072018,0.0115124243757063,0.0270391134714951,-0.002589556906734,-0.0129098118682664,-0.006861090379945,-0.0036429912785009
2022-12-15,-0.0196512873972882,-0.006315299104473,0.0216298644751025,-0.0244715285406851,-0.0167894814765499,-0.0380628471535433,-0.0034632069246174,-0.005010030519537,0.0099332894169155,-0.0073260400920729
2022-12-16,0.0054975399591947,0.0164334292700574,-0.0076128698287218,0.0036188218021315,0.0115729855576587,0.006314148838963,0.0103538457307421,0.0090000607507381,-0.0090730743101081,0.0036697288889624
2022-12-19,-0.0272314687247607,-0.0198505670838153,-0.0140169946463806,-0.0305647264363204,-0.0238169500696239,0.0,-0.0216928246112599,-0.0500104205746612,0.0089026439730952,-0.018484814674103
2022-12-20,-0.0056497325421189,-0.0034288546942322,-0.015902134513845,0.0141758922429735,-0.0059092301955772,-0.0574824354133625,-0.0096959772388793,-0.0152916240949481,-0.0184059552359228,0.0
2022-12-21,0.0016982738301916,0.0039177327289019,0.0033688970661045,-0.0012247398958957,-0.0048609331469058,-0.0041753714104806,0.0044189201380357,0.0063559536006985,-0.0222953147952233,-0.0074906717291576
2022-12-22,-0.0321866864959012,-0.0048995688411586,-0.0053393410534035,-0.0191778225273373,-0.0196835223158262,-0.0340458414097168,0.0,-0.0132874662904605,-0.0110675888738978,-0.0037664827954769
2022-12-23,0.0034985458425134,0.0024527851394315,-0.0116197991544226,-0.0151041260336763,0.0115290873506621,0.018018505502678,0.011398632841673,-0.0064412461028573,-0.0164694700787544,0.0
2022-12-26,-0.0134780827296503,-0.001961746583039,0.0056850636346079,0.0373409904080963,0.0205301646145565,0.0042426877387899,0.0060843299386741,-0.0184787866740427,0.0393610738805803,0.0037664827954769
2022-12-27,0.0296447165849969,0.0083109742616978,0.0067796869853791,0.0229478668880318,0.007989390033479,0.0259103504318973,0.0180339795102146,0.0098254065544147,0.0120325804342478,0.0074906717291576
2022-12-28,-0.0155847310166978,0.0063091691932646,-0.0138910809145742,0.0029806281381379,-0.0095949563403885,-0.0057923207045043,0.0126851595273156,0.0005430355821745,-0.0169569660449262,0.0037243990909823
2022-12-29,-0.0271243043960254,0.0062696130135955,-0.0002855103516892,-0.0216614967811792,-0.0156548406260905,-0.0337584799249541,0.0016792615197198,0.0145515906403108,0.0178232920109175,-0.0074627212015895
2022-12-30,0.007147141799638,0.0095694510161505,0.0014267372943805,0.0084797600791146,0.0108226164581513,0.0,0.0256742880618774,0.003205130948948,0.0003463203497808,0.0074627212015895
2023-01-03,0.0029629651306568,-0.0042949242828806,0.0121866323292834,0.0102011085639266,0.0053676994150042,-0.0086207430439069,-0.0008179959556318,0.0069094083009346,0.031526850647265,0.0074074412778618
2023-01-04,-0.0361485141163107,-0.0038332581676616,-0.0124718169882815,0.0011933175640419,-0.0227405576338739,-0.0671393028376288,-0.0098685011407537,-0.0074428839070783,0.0088518323285473,-0.0036968618813261
2023-01-05,0.0152209940103551,-0.0028846173848595,0.0119082779482901,0.0177309609712317,0.0054615100255217,0.0009254975209427,0.0049464239353254,0.005321992337941,-0.0101947903950838,-0.0037105793965357
2023-01-06,0.0126089932308648,0.0057609376804532,0.0145497810147312,-0.0261142436015129,0.0321571116345316,0.0174236411472539,0.0057400731610601,0.0215287915855761,-0.0171118110133754,0.0
2023-01-09,0.0153940280912912,-0.0052795898973929,-0.0083682496705166,-0.0169803958615735,0.0099712187997789,0.017125249525463,-0.0057400731610601,-0.0120200036165489,-0.0203701156966991,-0.0037243990909823
2023-01-10,-0.0118204686004261,-0.0072446585879211,0.0172178649474994,-0.0024494807103403,-0.0078637364602145,-0.0144016890584226,0.0024640669551594,-0.0073878963998899,-0.0026194025279995,-0.0074906717291576
2023-01-11,0.0749993702219575,0.0091677361036626,-0.0038620737659438,0.0018376727989344,0.0326200291219294,0.0452004278145423,-0.005758962852012,-0.0010598835120432,-0.0240676986049557,0.0
2023-01-12,0.0239793505978549,-0.0067470135465943,0.0115417604401715,0.0121656001636885,0.0015271064306507,-0.0034722257107491,0.0228394919698229,0.0005300821751474,0.0003581661929406,-0.0037664827954769
2023-01-13,0.0026888964843068,0.0120164868176799,-0.0170850118849332,0.0332967739130691,0.0035542053155035,-0.0034843240826107,-0.0064725145056172,0.0084433219275994,-0.0048461012008518,0.0075188324140273
2023-01-16,-0.0135173726218869,0.0019093084559198,0.0373696830564393,0.004667453047495,-0.0055908658973069,0.0086881519576378,0.0040502282990226,0.0125328011182168,-0.0036049065715415,0.0037383221106072
2023-01-17,-0.0186818620118085,-0.0139257952735998,-0.0145633641878966,-0.0301352197934066,0.0096374065732423,-0.0156934345460464,0.0008080808520536,-0.0015580371887145,0.00988239109068,-0.0037383221106072
2023-01-18,0.0044272346800964,0.0009666506310948,0.0027129696509771,0.0047875615083725,0.0015132411462674,0.0174220434466643,0.0136383983213428,-0.0026021352179519,0.0069488030162903,0.0037383221106072
2023-01-19,0.09525998026113,-0.0136188875348035,0.0110468589372358,-0.0321532095838086,0.0025169910091538,0.01882005932677,-0.0007971303730185,0.0057157858912311,0.0109483700001051,0.0
2023-01-20,0.0446700031164284,0.0294351769780885,-0.0045656048153746,0.0165090878842408,0.0065146810211937,0.015139061215684,0.0055666147720536,0.0113344850741068,0.0087428428900766,0.0111318403688441
2023-01-30,-0.0562833626218464,-0.0057224762740659,0.0468013904585959,-0.0042540325472253,-0.0237564874556994,-0.0168354144638627,0.0031670651967012,0.0005121639036409,0.0141748267913204,-0.0036968618813261
2023-01-31,0.0055710450494554,-0.0057554115706208,0.0028215999225276,-0.0073349962115654,0.0,-0.0025499376332724,-0.0103298495015771,-0.0025634466741983,-0.0091387824584465,0.0036968618813261
2023-02-01,-0.0081136347741699,0.0,0.001535705446428,0.0061162270174359,-0.0056424873990819,-0.0025564564413014,0.0055754823843034,0.0061412680220827,0.0006926407203318,0.0036832454162963
2023-02-02,0.0340373197839611,0.0076665444982251,0.0051020518838953,-0.011652999082568,0.0092166551049239,0.0017050302510837,-0.0031821824784628,0.0101523714640179,-0.0195776223191588,-0.0036832454162963
2023-02-03,0.0117418178766834,-0.0014330071714243,0.0038095284166681,-0.0249856845262042,-0.0185190477672376,-0.0068376334776041,-0.0080000426670765,-0.0137301928119022,0.0375899456518338,-0.0036968618813261
2023-02-06,0.0043678788200773,0.0028639637714289,-0.0220408717423561,0.0056764580048054,-0.0088657686323232,0.0085397615481346,-0.0024125464053836,-0.0154801852878989,-0.0147288156733678,0.0
2023-02-07,-0.0004843787936796,0.0151374697472284,0.0025879931628942,-0.0031496089028966,0.0005236973149282,0.0033955890011383,0.013594771550923,0.0005198856368719,-0.0152993248438457,0.0
2023-02-08,-0.0009694620245483,0.0032809966156768,-0.0033656989700765,0.0206064113070563,-0.00577581022839,-0.0119353505492729,-0.0015898254540998,-0.0015604684570953,-0.0158929709325379,-0.0037105793965357
2023-02-09,-0.0121982483500993,-0.0037505904256684,0.0025900040378399,-0.0012368585373963,0.007867861200614,0.0008572653761182,0.0055533661165552,0.0031185056458098,0.0301565629028521,0.0037105793965357
2023-02-10,-0.0309097388915837,-0.0037647103287965,-0.0109233855969841,-0.0105755262470865,-0.0173917427118692,-0.0269230330054592,0.0047356047458344,0.0010373444913627,-0.0048476549225675,0.0036968618813261
2023-02-13,-0.0005064573417952,-0.004725906716362,-0.0026184880109276,0.0161293819298835,-0.0080064478937411,0.011378678567659,0.0023594191047693,0.0154324050388114,0.0146440725311967,0.0
2023-02-14,0.0010126583143863,0.0023657451298695,-0.0065763751417637,0.0049109982066273,0.0058776551792196,0.006073771383567,0.0015698590351198,0.0096520942381168,-0.0078983927096061,0.0
2023-02-15,-0.0045650599187538,-0.0052120468617085,-0.0074172525482643,-0.0129431699038913,-0.0123292904607086,-0.0183331193168196,-0.0118344576470028,-0.0050684345704588,-0.0156361768012009,-0.0036968618813261
2023-02-16,-0.0148530259383479,-0.0047619137602437,0.000531632123101,-0.0175223506922028,-0.0086674432101681,-0.0159861308463025,-0.0007939659011761,-0.0215724852541279,-0.0126873948576813,-0.0037105793965357
2023-02-17,0.0349845563456265,-0.0091105880704587,-0.0023945734469834,-0.0031615581187289,0.006507615156738,0.0574070649091864,-0.0039793128514813,0.0041450836551688,-0.0117732362376452,0.0
2023-02-20,0.0505206990519826,0.0200292818755727,0.00292592308754,0.0088272956544064,0.0350540404584354,0.0526870817016495,0.0220829162877493,0.0072128081892408,0.0014344632188967,0.0074074412778618
2023-02-21,0.0686454244296492,0.004240289038885,0.0089900129536317,0.0062578426995045,0.0175896930269865,0.0666913744986721,0.0023373598487048,0.0132587357909463,0.0101614208856251,0.0110092855083693
2023-02-22,0.0140538105799343,-0.0061306487700538,-0.0124488430615103,-0.008771986072837,0.0046047663867483,0.0007499062968605,-0.0078125397367938,-0.0066073937970805,-0.0072986527826985,-0.0073260400920729
2023-02-23,-0.0180422935983233,-0.0023679859514085,0.0010655302020383,-0.0113925282810947,0.0086404603632725,-0.0030030052597695,-0.0047169898781387,-0.0071648208241468,0.0028545960508399,0.0
2023-02-24,-0.0013330373002653,-0.0033246290418782,-0.0142112594145409,0.0,-0.0020263431452325,-0.003766482795477,-0.0015772873932484,-0.0092879924664703,0.0287991808390657,0.0
2023-02-27,0.0206828054801415,-0.0033357190806584,0.0016189965759778,-0.0019114373452682,0.0190864658905409,0.001508295911885,0.0055096558109695,-0.0183107391597054,-0.0100905518659493,0.0
2023-02-28,-0.0291668929852928,0.0099739606219522,-0.0005393743388584,0.0101523714640179,-0.0049875415110394,-0.0182514572073624,0.0186630611319267,0.0015826961889904,-0.0033277900926744,0.0036697288889624
2023-03-01,0.0044742803949211,0.004244288380327,0.0093973036833028,0.0206192872027362,0.0009995003330836,0.0167431612954773,0.0092025189311617,0.0104877731106305,0.005947192620674,0.01092907053219
2023-03-02,0.0080035998605216,-0.000470698996688,-0.0018724092671171,0.0086207430439064,-0.0009995003330836,0.0007544323254853,0.0098747479197585,-0.0062794554848433,-0.0024445620694724,0.0108109161042158
2023-03-03,0.0053003657658412,0.0042283361095214,-0.0010715243457601,0.0158154148055493,-0.002002002670673,-0.0075700588605451,0.0,-0.0089639408553554,0.0085299498830462,0.014235115821872
2023-03-06,-0.0377064417389645,-0.0032871595694574,-0.0107788701911593,0.0024110921867319,-0.0294886644206977,-0.0514532815889157,-0.0060652195030908,0.0,0.007942030695875,0.0
2023-03-07,-0.0018315023434678,-0.0061335412858363,-0.0205289815179314,0.0273176131811454,0.0158692861884142,-0.0008003201707693,-0.0068676347754883,-0.0170944333593001,-0.0129815756391522,0.0070422826254128
2023-03-08,0.0100320038797891,-0.008077972175124,0.0057907234749219,-0.0041091927501328,-0.0056022555486698,-0.0024048107781791,-0.0038358313238711,-0.0010781672203452,0.0117770671910193,-0.0035149421074445
2023-03-09,0.0018132371241805,-0.0076628727455689,-0.0080055638044744,-0.0160098290574834,0.009657000080161,-0.0161815828512419,0.0,-0.0037827659265605,-0.00448663392834,0.0105079775984151
2023-03-10,-0.0252249100326227,-0.0024067400305649,-0.0303906337050094,-0.0223641838241315,-0.0219901471573771,-0.0214352807200648,0.0023032639740927,-0.0059734090188041,-0.0155122936252096,-0.0175751448215075
2023-03-13,0.0101664461584212,0.0091149587656835,-0.000857510414129,0.0407241902265682,0.017427401598959,-0.0025031302181184,0.0182375875497808,0.002719610052642,0.0012288248715597,0.0210534091978322
2023-03-14,-0.0422598092898822,0.0061890223737064,0.0011431838912896,-0.0112128646027986,-0.0148454223695466,-0.0211067354210152,0.0216023297984899,-0.0016308783174454,-0.0277499129529026,-0.0034782643763247
2023-03-15,-0.0115775533424429,-0.0028517129591882,-0.0063037458027235,-0.0035671857089214,0.0025753297777324,-0.0068493418455748,-0.0029520316640807,-0.0060027465376255,-0.0121587560860172,0.0240975515790604
2023-03-16,-0.042622903555237,0.0094742537196821,-0.0194462665403722,-0.0475699440808257,-0.034007985606919,-0.0538286090378807,-0.0066741070876932,-0.0137781182097236,-0.0292721900414041,-0.0171530792262495
2023-03-17,0.0020232682673437,-0.0004715868986244,-0.0023474189183048,0.029540609562884,0.0090066834015019,-0.0045433971840265,-0.0014892035514679,-0.0089186767318385,-0.0071698420353842,0.0137459209046353
2023-03-20,-0.0230012695893262,-0.0118625353098202,0.007900553165185,-0.037064156022883,-0.0079428535139367,-0.0174556568113413,-0.0089820963158273,-0.0101295182388558,-0.0089396696168422,0.0
2023-03-21,0.0041279728380305,-0.0004774409257555,0.0098608687655539,-0.0018897643419228,-0.0080064478937411,0.006466535235746,-0.0105821093305369,0.0190481949706944,0.0314083175027999,-0.0068493418455748
2023-03-22,0.0092261033732929,0.0014316394714373,-0.0020222453807678,0.0006303183316158,0.0290487813612672,-0.0018433184942892,0.0128352082934459,-0.0044493955495417,-0.0061287219413732,0.0204088716312069
2023-03-23,0.0316370849431821,-0.0023872057171061,-0.0026060533063949,-0.012682478170388,0.0041558501371725,0.0036832454162967,0.0,-0.0095212144640899,0.0142423567155431,0.0033613477027047
2023-03-24,0.0068965790590604,-0.0067146535256408,-0.0029036025045745,-0.0497159275912824,-0.0041558501371725,-0.0138826847851896,-0.0166418364150087,0.0011248595111834,-0.0118235258776411,-0.0169208774883369
2023-03-27,0.0087977107035293,-0.0223853629608004,0.0034833126657369,-0.0258166511944555,0.0185668046275195,0.0157192325924908,-0.013052008702854,0.0016849203649198,0.0068525131556205,-0.0172121288811215
2023-03-28,-0.0004867364418315,-0.0069136077848179,0.0014478068259431,0.0163826189610967,-0.0107886995595536,-0.0110702237542468,0.0122889411343511,0.0117156151725623,-0.0046249273078133,-0.0069686693160933
2023-03-29,0.0120978973695091,0.0264074024658191,-0.0026075634070812,-0.0184494471167595,-0.0109063662217763,-0.0111941467431528,-0.0068939376826917,-0.0083542674698575,-0.013628513001537,-0.0070175726586465
2023-03-30,0.0620100747842125,0.0238447157945547,0.001159756581138,0.0143788851868174,0.0622513121679237,0.0386432625814396,0.0212935802007399,-0.0016792615197198,0.0178842322564207,0.0139862419747398
2023-03-31,-0.0081707218070499,0.0014127621845889,0.0072181632872792,-0.0088768080328338,-0.0019646371741646,-0.0081559129036081,-0.0052810383016135,0.0055866067086394,-0.0014781968693107,-0.0034782643763247
2023-04-03,0.0113302820974183,-0.0070838548884051,0.0028727396946837,0.0263974718510247,-0.0069067862132548,0.0081559129036081,-0.0007567158893064,0.0033370442535769,0.0042439403120453,-0.0034904049397685
2023-04-04,-0.0131551001220473,0.0080245887301249,-0.0273352291681723,0.0033344479044514,0.0064150232330959,-0.0163788920840399,0.0045317298098823,0.0071922854991259,-0.0064653407071988,0.0207619914484291
2023-04-06,-0.0320138682458637,-0.0032964475341787,0.0073432552034979,-0.005340466631317,-0.0158654790446131,-0.0119982980668007,0.0060105365021421,-0.0038663400828533,0.0433392091462301,0.0034188067487856
2023-04-07,-0.0360010080531107,-0.0056764580048054,0.0032140276023784,-0.0020100509280243,-0.0090362060639375,-0.0037209345256901,0.0007487832622414,0.0027631960106959,0.0007095973333051,-0.0068493418455748
2023-04-10,-0.0108109161042158,0.0075614727005763,-0.0029214160421342,0.0153081192326558,-0.0183211231475963,-0.0389597965891903,0.0389039886577524,-0.0022099456508031,-0.0069401470839407,0.0034305350967891
2023-04-11,-0.0336630630112799,0.0018814680997056,-0.0114757769612463,-0.0019834717246549,-0.0066993293589598,0.010602508959264,-0.0036062065767286,-0.0044345970678656,-0.0107720969819116,0.0068259650703998
2023-04-12,-0.0180463778658381,0.0056232575543622,-0.0092166551049239,0.0312729067850372,0.0041279728380305,0.0123870092654345,0.0043258899471223,-0.005012541823544,-0.0048855611516458,0.0202027073175194
2023-04-13,-0.0167894814765499,-0.011751016535519,-0.0047904283226323,0.0146452792698226,0.004111002706522,-0.0171924005403729,-0.0043258899471223,-0.0011173185519925,0.0120798367856727,0.0033277900926744
2023-04-14,-0.0090354056095995,0.0028328630843046,0.0023980826840124,0.000631911553413,-0.0103093696588612,0.0019249284095845,0.0064818376021906,-0.0016783220722746,0.0005374899350041,0.003316752625994
2023-04-17,0.0284229659702779,0.0042343041387882,0.0242543684813929,0.0200131757757446,0.0381240578417383,0.0057526524894497,0.0213076243100465,0.0111359725404862,0.0124601113649305,0.0066006840313519
2023-04-18,0.0662560386134232,-0.0018796998015777,0.0020434980107815,-0.0099565228228026,0.0163248740420005,0.0548719693269852,-0.0014064699927516,-0.0011080333543618,0.00264994413528,-0.0066006840313519
2023-04-19,-0.0043806348953356,-0.0085026492406403,-0.0090816502310429,0.0031220755925054,-0.0034406522022853,-0.0219587963126453,-0.0056457454125729,-0.0145172845487189,-0.0210383940700911,-0.003316752625994
2023-04-20,-0.021697103610573,0.002369107954804,-0.0044241334511689,0.0080720711506474,-0.0113890807687648,-0.0158511477376182,0.0028268570061529,-0.0062059437541535,-0.0207544314694456,0.0066225407604934
2023-04-21,-0.0257524961024144,-0.003318324922136,-0.0053349267018805,-0.0168385643628297,-0.0191056590795857,-0.0170620252767217,-0.0213988193758489,-0.0287046114222211,0.0018378979626705,-0.0099503308531678
2023-04-24,-0.0295894932495932,-0.0014255169912211,-0.0050648104694621,0.0006287331235093,-0.0132858367116495,-0.0251707383465515,0.0086145543506495,-0.0064271328458511,-0.004416643175094,0.0033277900926744
2023-04-25,-0.0148622693212407,0.0066350954321654,-0.0120193754657838,0.0149722073189701,-0.0046403795565019,-0.0039292781398891,0.005702082448908,-0.0135735338608182,-0.0087061770627472,0.0066225407604934
2023-04-26,0.0248230331970122,0.0004722550264868,0.0138098862395721,-0.0006193868268629,-0.0015515906914189,0.0214224355874064,-0.0021344725286329,0.0200006667066694,0.0134899948334847,0.0065789710980426
2023-04-27,0.0313247691370128,0.0329725713615109,0.0147975473101107,-0.0043464830923816,-0.0036297680505787,-0.0126031721533252,0.0211424365738093,0.0,0.0122230838582546,0.0097880063661628
2023-04-28,0.0185329621981256,-0.000456933980991,-0.002647449700468,0.0043464830923816,0.0164867206741914,0.0019493183560497,0.0027855171214263,-0.0058411381030349,-0.0039970983449828,0.0064725145056174
2023-05-04,0.0,0.0306054490760776,-0.0070943247587358,-0.015610682293178,0.0010214505484644,-0.0088020128180903,0.0226891823204455,-0.0035211303985787,0.0189348367327788,0.0379792480652163
2023-05-05,-0.0074720148387008,-0.0206008181061512,-0.0146424250608205,-0.0145802899859677,0.0116722969453926,0.0009818361122566,0.0114904947915999,-0.0250013022054171,-0.0005360493293729,-0.0093604427595637
2023-05-08,0.0305292050348229,0.0108011851173475,0.0060024189820988,0.0600986026421792,0.0521002341125962,0.0403901053912583,-0.0047154011252388,0.0042105325363435,0.0178908323457855,0.0217062785818629
2023-05-09,0.0182609591346092,0.0181863517559048,-0.0078101929001537,-0.0163689620302349,0.0004788125540362,0.002823531287607,-0.0013513515569987,-0.003005713113493,-0.014144507386165,-0.0217062785818629
2023-05-10,-0.0148719459659711,-0.015950714786296,0.0179323394606623,-0.0709157809161009,-0.0217768102329705,0.010285270660173,-0.0074652535363388,0.0048048140485401,-0.0199628965488658,-0.0126184639592115
2023-05-11,0.0086622293316573,0.0181461053497318,0.0126565339234532,-0.0046037568980592,-0.0014687885137503,0.0055658770774451,0.0175561565183017,-0.006612587966595,-0.0102246645736823,0.0250796843970233
2023-05-12,-0.027199345496816,0.0048129605050091,-0.0096988269462205,-0.0240171650807337,-0.0133170895313372,-0.034827049196624,-0.0060423144559629,-0.0078716724957677,0.0065849881262325,-0.0093313274288842
2023-05-15,0.0209508272090879,0.0039207194637453,0.0219082809422639,0.0073999664959076,0.017229074960392,0.034827049196624,-0.0040485885259999,0.0066646717457325,0.0299923710950871,-0.0062696130135952
2023-05-16,0.0124582349220419,-0.0017406444777838,-0.0020245849287205,0.0159577854386108,0.0014630580517605,0.0,0.0047217625669047,0.0018099552452395,-0.2881539931778589,-0.0126583968719236
2023-05-17,-0.0009528347552718,-0.0034904049397685,0.001157407536612,-0.0039656363933469,-0.017699577099401,-0.0046360769174782,0.0127049519052717,0.0006025911601446,0.0249401109872122,0.0095087879690272
2023-05-18,0.0,0.0087032751283016,-0.0428362639433399,0.0066006840313517,0.0162365190476405,-0.0009298001599669,0.019085804744225,-0.0060423144559629,0.0100779597813494,0.0
2023-05-19,-0.0119876765204627,-0.0113290972059694,0.0039162574529769,-0.011912781516242,-0.0093160762030666,-0.0206774284277875,-0.0210811496031215,-0.002427185657611,0.0040937059671675,-0.0191088616980463
2023-05-22,-0.0204685508553952,0.0178072023483886,0.0042004262178729,0.0006655574288947,-0.011394723239495,-0.0066698675091072,0.015196856717432,0.0114770211775288,-0.0132512791211882,0.0253981906056104
2023-05-23,-0.0178842322564207,-0.0082127109546275,-0.0014981276210215,-0.0242436116099926,-0.0115260609515197,-0.0144441606079079,-0.0218769082778056,0.0023995212472911,-0.0064605670029438,-0.0253981906056104
2023-05-24,-0.0176995770994006,-0.0179553761822446,-0.0063167603632159,-0.0102775827582406,-0.0281132749390891,-0.0009704027932788,-0.0047027295269064,-0.0108434797417071,-0.007901505204634,-0.0227652107730125
2023-05-25,-0.0232268506098169,0.0030884648419111,-0.0033247725957186,-0.008298802814695,-0.0278598833395591,-0.0107370480009567,0.0100503358535015,-0.0183379221844517,0.0060479365553107,0.0098200461809754
2023-05-26,-0.0264565695368301,-0.0061864978574988,0.0048323863291845,-0.006269613013595,-0.0452516559610369,-0.0098620128691155,-0.0060180723255629,0.0049230868663689,-0.0018570107472126,0.0097245498919948
2023-05-29,0.006413704508593,0.0145217073346173,-0.008775967960557,0.0069638164430712,-0.0197133953600108,-0.0059642323916735,0.0179466431908368,-0.0092507597721511,0.0020888948062229,0.0191699161077201
2023-05-30,0.0309492312500134,-0.0061349885675161,-0.0027393107983155,-0.0006942034294761,-0.0125931830248267,-0.0039960093133819,-0.0186175590160706,-0.0430446196825267,-0.0102541098898814,-0.0031695747612789
2023-05-31,-0.0346855579878901,-0.0106054904783183,-0.0113411177257982,-0.0196359745168588,-0.0351736141782672,-0.0141131374764644,0.0,-0.0235612993383971,-0.0042253583991715,-0.0127797266463989
2023-06-01,0.0190683743655148,-0.0057919520348619,-0.004944385845464,0.0,-0.0011940299926078,-0.016377029281323,-0.0210248504167189,0.0046250495395621,-0.0099291595882196,0.0
2023-06-02,0.036067794093666,-0.0022366370317126,0.0290052389647548,0.0203301779463349,0.0148238706225116,0.0071979745223265,0.004103972928382,0.014398154490347,-0.0030933992543826,-0.0096931292056596
2023-06-05,-0.00813012608325,0.0053595483361967,0.0,0.0,0.0226951841534051,-0.0030785042270875,-0.0061622926945363,0.0129117352188972,-0.0146443620583962,-0.0097880063661628
2023-06-06,0.0045813264145624,-0.005807476675153,-0.0127197353934924,-0.011867504027601,0.0199380002488709,0.0092072261684608,-0.0013745706631667,-0.0051447058812379,-0.007525220607186,-0.0165293019512104
2023-06-07,-0.0102093791315649,0.0008956561279442,0.0024353132279553,-0.01771211730644,-0.00792756133665,-0.0030596658239554,-0.0006879945231816,-0.0064683278564228,-0.0211778414757257,0.0033277900926744
2023-06-08,-0.1526979985207366,0.0142224619588056,-0.0018259286874644,0.0212172032643862,0.0124295385521033,0.0291918061008034,0.0150276052036373,0.0064683278564228,0.0153127220233275,0.016474837203505
2023-06-09,0.0023880608363846,0.0087874027668042,0.0048617537269888,-0.0226478186729055,-0.0033745813801453,0.0225610353856464,0.0411744747646753,0.0025756614367957,0.0396448313472403,0.0162078102268534
2023-06-12,-0.0041828564124077,-0.0212209554828852,0.0168323781772006,0.0,0.011204599012863,-0.0087677132533103,-0.031056344599091,0.0153161896423075,-0.0130410858292644,-0.012945164592037
2023-06-13,-0.0102318075897764,-0.0035810244177061,0.0014892035514679,-0.0122435811057113,-0.0083916576362481,0.0097371752778583,-0.0101181301655843,0.0194424437228666,-0.0168475705726112,0.0
2023-06-14,0.0096328258408107,-0.0022446698538236,-0.000893255977215,0.0065005646030931,0.0011229647446238,0.0019361090268663,0.0081026776862347,-0.0555521050833469,0.0,-0.0098200461809754
2023-06-15,0.0041853573801931,0.0013474064468339,0.0232602861241111,-0.0079508911807399,0.005037794029957,0.0172583382292805,-0.0060708449520081,0.0169274875217069,0.0170862055814993,-0.0066006840313519
2023-06-16,0.0041679131487777,-0.0035971261808493,-0.0023310033864758,0.0151245230918775,0.0033444847228469,0.0028476526125116,-0.018436848623959,0.0032226905107242,0.006895759104986,0.0033057881344993
2023-06-19,-0.0149658584955658,-0.0009013069560128,0.0037851260798098,-0.0165769561721922,-0.0044618032748395,0.0066131558917175,0.0136894677172496,-0.0045146803545264,-0.0111999264385049,0.0032948958968526
2023-06-20,-0.0176457270931948,-0.004065964490195,0.0023222071393607,-0.0072939783625534,-0.0050434402225882,-0.015180557177016,0.0006795786873841,-0.007787190551769,0.036932340404983,-0.0066006840313519
2023-06-21,-0.0123534616096621,0.000452591091681,-0.003194426994046,-0.0066103802958665,-0.0073301709664344,-0.1559049263500127,0.0087927519479782,-0.0131149420778275,-0.0125495488515996,0.0
