date,601006,001979,600188,600026,600009,601225,000983,601881,600150,600875
2021-02-25,0.010662705744040001,0.0681995354675555,0.0341118345068629,0.0061538655743782,0.0337155896223428,-0.0183171279125797,0.0019065782705816,0.0314549521678859,-0.0088161780094728,-0.0420774045103717
2021-02-26,-0.010662705744040001,-0.0485679666349105,-0.0205346024417076,-0.0295741397824766,-0.0185724198447578,-0.0579872576503492,-0.0428080924918845,-0.0193109449130872,-0.018513136466308,-0.0208775850215552
2021-03-01,0.0030581063588208,0.0146664149592292,0.0806808697883658,0.0,-0.0113766869821088,0.0046533355256412,0.0138205556186321,0.0064785048432027,0.0096185416128569,0.022529113060028
2021-03-02,-0.0030581063588208,-0.0092379409849363,0.0861337990482709,-0.0127187724077746,-0.024320828163856,0.0337777433308406,0.0116960397631913,-0.0167445772738017,-0.0076874177426864,0.021225286615282
2021-03-03,0.0121767105752552,-0.0015479879252149,0.0687001742801198,0.0158733491562899,0.010992782249433999,0.0567094800501415,0.0601685214664529,0.0111941467431528,0.005131505808142,-0.0008080808520536
2021-03-04,0.0090362060639372,-0.0077760889499081,0.040953133462152,0.0202656974595831,-0.0056478555445833,-0.0171090571976191,-0.012856008101533999,-0.0301341068440743,0.0,-0.0378958030371876
2021-03-05,0.0134030301273404,-0.007050557996667,-0.06753277126686401,0.0061538655743782,0.0107697172165801,-0.0468076612574712,-0.0434440365869985,0.0264166304439417,0.0051053078341447,0.0174785972739592
2021-03-08,0.0014781968693109,-0.0110673066396813,-0.0110030733443307,-0.0107942451308804,-0.0316423820661677,-0.0127390257774298,-0.0019323677510538,-0.0140649294674033,-0.0095939335172841,0.0491044319281468
2021-03-09,0.0073583849311871,-0.0039824823643175,-0.0059752631900868,0.0335397291198511,-0.0228827188630207,-0.0036697288889624,-0.0155948579579063,-0.028737609767357005,-0.0220931663167061,-0.0758618810976958
2021-03-10,0.0058479698824231,0.0,0.0059752631900868,-0.0335397291198511,0.0026071101931481,0.0109690313705739,0.0175272257089602,-0.0058479698824229,-0.0152270403190333,-0.0025456101994336
2021-03-11,-0.0058479698824231,0.001594896669816,0.0276979519165005,0.0350378567408731,0.0199353568802678,0.0242490552533141,0.0229017642866844,0.0126276568678016,0.0066489606652511,0.0193527285158148
2021-03-12,0.011661939747842999,0.0071457231409182,0.0954606802184852,-0.0105343336849592,0.0232099217961287,0.0331618519600249,-0.0094787439545436,0.0019286409064056,0.0033079752295455,0.0684371615532284
2021-03-15,0.0100938131692187,-0.0095390230467589,0.0074962869779273,0.0045283096247474,0.0095963674887959,0.0337584799249541,0.0188684843043827,-0.0106538537972755,-0.0092900469070928,-0.0038986404156573
2021-03-16,-0.0014357504261042,0.0298999456956741,-0.0616053116468253,-0.0045283096247474,0.0255236158839231,-0.0337584799249541,-0.0284379353205335,0.014500012384754,0.0019980026626731,0.007782140442055
2021-03-17,-0.0130153681120703,-0.0148382261662636,0.0086991454082898,0.0120302202765421,-0.0072493269549099995,0.0270973395581721,0.0190481949706944,-0.0048100140837852,0.0079523281904951,-0.0179903170345787
2021-03-18,-0.0014566644964639,-0.0134655499965883,-0.0031545767485154,-0.0059970194723741,-0.0105649093202169,-0.0296757681461166,-0.0287101058824312,-0.0077444723954775,-0.0052945193169744,0.0287845621654589
2021-03-19,-0.0043827681550951,-0.0160775167275328,0.0141178815457849,-0.0075472056353831,-0.0231415285616938,-0.0243914531241591,-0.0077973104600317,-0.0078049176693837,0.0,-0.005382558170154
2021-03-22,0.0014630580517602,0.0279682632490545,0.0023337233462199,0.0045351551653913,0.0089895727743289,-0.0044189201380357,0.0058536752514606,0.016513245561168,0.0033123581129829997,0.0525646524075056
2021-03-23,0.0101819061451196,0.0007877117382495,-0.0259754864032606,-0.0228842938335878,-0.0250034000246293,-0.0314915811677352,-0.0396877482672424,0.0095878011551535,-0.0113070709146914,-0.0610819319263851
2021-03-24,-0.0131101659242078,-0.0071118434877175,-0.0373723426981058,-0.0234202742080984,-0.0100760821749972,-0.0362999370717598,-0.0245914031373222,0.0104414807204191,-0.006711434587986999,-0.0125197253449274
2021-03-25,0.0073046343788871,-0.0031771273746721,0.0633478291013664,0.0062992334279872,-0.0056803664227559995,0.0197096948115631,0.0062047768868827,-0.0047326165000991,-0.0135595297856321,-0.0426280864651098
2021-03-26,0.0014545457109942,-0.0031872536941790004,0.023801507466326,0.0062598013485066,0.0140557679157353,-0.0009298001599669,0.0020597329630107,0.0028422567689303,0.0020456877232932,0.0402630873336118
2021-03-29,0.0072411612565597,-0.0023971245997214,0.0919938854840798,0.0077700468619317,0.0076303888656923,0.05431198935374,0.0403280453869716,-0.0066445427186687,0.0006809669994161,0.0047244182362673
2021-03-30,0.0114778878446868,-0.0185713855854356,-0.0680047291140573,0.0015467907182986,-0.0045712430401385,-0.021372140275873003,-0.0079365495957364,0.0056980211146377,0.0328117817816981,-0.0174330880904953
2021-03-31,0.0,0.0,-0.0202027073175194,0.0259358549755333,-0.0176329142708722,-0.0045106075573495,-0.0019940186068643,-0.0200867585667374,0.0098329209162386,0.0158607607225431
2021-04-01,-0.0085960414697978,0.0,0.020943173845243,-0.0090772181511165,0.0068847087774965,0.0116855262296446,-0.0060060240602117,0.0057803629154995,-0.0013054832141303,0.008617366291161
2021-04-02,-0.0086705745511337,0.0032546814735421,-0.008921992269026,-0.0184054275427154,0.003082722085077,-0.0098788410046957,-0.0121213605323449,-0.0009610764795504,-0.0065531033983905,-0.0244781270137042
2021-04-06,-0.0058224327514333,-0.0040700096882968,-0.01580763062872,-0.0046547795449825,0.0068166589790976,0.0249567319738672,-0.0081633106391609,0.0009610764795504,0.0506356159685794,0.04149323201968701
2021-04-07,0.0072727593290799995,0.0032573318703068,0.0276860182513489,0.0849356108057852,0.0040678022193256,-0.008841790581461,0.0122201113347755,-0.0028860048891350006,0.0635614814897445,0.0106789725758544
2021-04-08,0.0014482261763648,-0.0197050710793327,0.009548364868694,-0.0558147791063963,-0.013795671405881999,-0.0035587226169937,0.0200407508834459,0.0114943794257351,-0.0462128431551311,-0.0137511716128244
2021-04-09,-0.0028985527540115,0.0033112613036561,-0.0073367900638543,0.0015094342488541,-0.0153809305411467,0.0159154553058993,0.0,-0.0182609591346087,0.0158443290211507,0.0007689350628772
2021-04-12,0.0115441397468654,-0.0016542600960267,-0.0111071115954035,-0.0228842938335878,-0.0179235161889046,-0.0393610738805803,-0.0019860979716292,-0.0186006341695494,0.0155971968136681,-0.0391899680455942
2021-04-13,-0.0086455869928538,-0.0108199141291489,-0.0142484600262839,-0.0046403795565022,0.0097045313891781,-0.0119322205069702,-0.0282276806248673,-0.0189531858022382,-0.0332859776334668,-0.0366341331797803
2021-04-14,-0.0058055315453207,0.003341690661903,0.0179645549752986,0.0030959777051279996,-0.0066948805381272,0.0182987722525118,0.0040816383196486,0.0100201239167629,-0.0049352351867306,0.0115417604401715
2021-04-15,-0.0029154539601241,0.0016666670524694,0.0147278067102432,-0.0124418401233656,-0.0111991215812503,0.0099234012337268,0.0161619679569982,-0.0160807485284539,-0.0037174764001326,-0.0156963156473186
2021-04-16,0.0087209855054448,0.0140556261898585,0.0901132862371327,0.0186051878310344,-0.0001787789403175,0.0186755094282737,0.0469753683134042,0.0140847398817389,0.0359685222338264,0.004983399017548001
2021-04-19,0.0,0.0049140148024293,-0.0429953632600628,0.0,0.015611457735539,0.0078982420242401,0.0611868301856592,0.021739986636406,0.026006193746924,0.0107129166297705
2021-04-20,-0.0058055315453207,-0.0156446171475161,-0.0182974844415779,-0.0092593254127968,-0.0067114345879861,0.0034904049397685,0.0,-0.0117995469311553,0.0011661808901828,-0.0207046733616911
2021-04-21,-0.0073046343788871,-0.0016611299500763,-0.0028449521322313,-0.0172013623585465,0.011628037995119,0.0,-0.0108500160240656,-0.0049578683607864,-0.0217976229703671,-0.0058749644430209
2021-04-22,-0.0073583849311871,-0.0008316008795259,-0.0085837436913913,0.0031496089028961,-0.0130467294903828,0.0078091503141646,0.0126469617007674,0.0039682591756204,-0.0186359466081236,0.0016820861829849
2021-04-23,-0.0029585820397450002,-0.0117156151725628,-0.0101083893207611,-0.0110673066396815,0.0001774465446944,-0.0112995552539332,-0.0072072384049493,-0.0099503308531678,-0.0295588022415445,0.0125262598191802
2021-04-26,-0.0089286307443015,-0.0144131363248729,0.0158390640297461,-0.0079808883310128,-0.056761882440945,0.0078363483293157,0.0302783593062612,-0.0222456089473199,-0.0138454068220528,-0.0277678757877972
2021-04-27,0.0014936522567834,-0.0034217313111613,-0.0253178079842895,0.0079808883310128,-0.0710069708586527,-0.0078363483293157,-0.0088106296821548,0.001021972495693,0.0206968817711548,-0.0356094940208375
2021-04-28,0.0,0.0034217313111613,0.039502442976246,-0.0063796069640389,0.008032171697264,0.023327191657974,0.0313614552040513,-0.0030690561174178,-0.0099813679580296,0.0061701385701558
2021-04-29,0.007434978487518,0.0025586367903245,0.0153741672495879,0.0142973047008243,-0.0183676573581847,0.0227954150776774,0.0034246608813639,0.0312683063054697,-0.0164352624859125,0.0017559267022648
2021-04-30,0.0190761470608136,-0.010274062976185,-0.1044363011742945,-0.0402306867273289,0.0010180190230717,-0.062870464036874,-0.038332219092166,-0.008977616407098,-0.0057526524894497,-0.0008775779413587
2021-05-06,0.0029027596579616,-0.0008609557139651,0.0655484036442319,0.0146701897477938,-0.0509292024181813,0.0494248833275228,0.0768952538264766,-0.0243419726689291,0.0953101798043252,0.0035057003476284
2021-05-07,0.0043384015985981,-0.0017241383581398,0.0709616123691772,0.0192313619278874,-0.0310996032269841,0.0184414279027227,0.0956091781620613,-0.0041152321451067,0.015611765472113001,0.0017482521935292
2021-05-10,0.0157483569681391,0.0008624407606587,0.0323781173815804,0.0126184639592115,-0.0185045966764381,0.0517915091284049,0.0954460586006478,-0.0271699053519278,0.0243707159164237,-0.028345564712794997
2021-05-11,0.0014194466542263,0.002582868418254,-0.03641580792765701,-0.0094488891979322,0.0220327149998826,-0.0239436817526295,0.0477544312958997,0.0230376680670176,-0.0067415985669199,0.0142732128741167
2021-05-12,-0.0028409110016038,-0.0077687054506196,0.0080591436868546,-0.0015835316056442,0.0028574588076692,0.0136383983213428,0.0077419741536157,-0.0020725396019725,0.0033764804166063,-0.0044385336960255
2021-05-13,-0.0014234877848537,0.0008661758878494,-0.0564111031402592,-0.0079554914411146,-0.0008783487609056,-0.0431487364707314,-0.1056461891349871,-0.0072879031575912,-0.0056338177182562,-0.0188600112001338
2021-05-14,0.0099221225063164,0.0146113471810638,-0.0367608959750702,0.0015961695328221,0.0180695021937884,-0.0117156151725628,-0.0143887374520994,0.0927420516986146,0.0028208763416412,0.0206377894461331
2021-05-17,-0.007077170374085,0.0110310834322735,-0.0081091487492588,0.0063593219082924,0.0343545235021083,0.0058749644430209,-0.0234614866789981,-0.031933047103009,0.0044969159536241,0.0079611212158674
2021-05-18,0.0,-0.004228336109521,0.0384802466255576,-0.0047656960730144,0.0064415807153581,0.0025073143097835,-0.0014847812675791,0.0039254221161058,-0.0090141455434435,-0.0053003657658412
2021-05-19,-0.0099929453975184,-0.010221554071538,-0.0303710978762987,-0.0063897980987709995,-0.0181842193153038,-0.0168354144638627,-0.0255845407006389,0.0019569477869607,-0.0327898228229908,0.0253620939832788
2021-05-20,-0.0028735651957316,-0.0164008855394168,-0.0826157655165915,-0.0177854324332162,0.0046296378987422,-0.0363047649304353,-0.0661658607969464,0.0203200024909575,0.0,-0.0051948168771041
2021-05-21,-0.0028818463748889,-0.0061108876328002,0.057335608843513,0.0161815828512417,-0.0099167391435988,0.011378678567658998,0.0492553886486299,-0.0222769502779183,0.0040852114007696,-0.0052219439811516
2021-05-24,0.0014419613169012,0.0008752735788553,-0.010598130991823001,-0.0080580613297622,0.0138978863610086,-0.0017421607193850001,-0.012480661223608998,0.0790627957871876,0.0138810788707135,-0.0229489329855447
2021-05-25,0.0043134502537194,0.0216364995933617,0.0022805026987251,0.0032310205814465,0.0310884532154678,0.0086806100643057,0.0415124939042703,0.023256862164267002,0.010285804969368999,0.0168219991580422
2021-05-26,-0.0057554115706206,0.0169783365344176,0.0083176282930979,0.0,-0.0014200225532547,0.0025895569067339998,-0.0167050202000027,-0.0160431248405754,-0.0079909101010304,-0.0008783487609059999
2021-05-27,0.0,0.0025220694327101,0.0134631801682942,-0.0097245498919948,0.0038496653763293,0.0170944333593001,0.0419851768730812,-0.0026990569691651,0.0349134559557011,0.0104896066710193
2021-05-28,0.0,-0.0195004059671277,-0.008955283729104,0.0064935293105483,-0.0016191057979497,0.0025391465186763,-0.0177782460212838,-0.0009013069560128,-0.0274912123471064,-0.0069808311413401
2021-05-31,-0.0116111609276781,-0.0068728792877621,0.0148812269966511,-0.0113914982860954,0.0024276766930233,0.0042176359442032,0.0118872127840465,0.0071878117188335,-0.0230159757009214,-0.0194524259268153
2021-06-01,-0.002923978691435,-0.0017256259674698,0.0405265298999935,0.0032679767646159,0.0102523764643511,0.0108833221573934,0.0957129454672847,-0.01170657223216,-0.0176164273882983,-0.0044742803949207
2021-06-02,0.002923978691435,-0.0017286089006178,-0.0121300095924081,0.001629992210931,0.0007996801705645,0.0008322930151694,0.0225623373070864,-0.021978906718775,-0.0179323394606623,0.0044742803949207
2021-06-03,-0.0058565321127128,-0.0086881519576378,0.0435462058257871,-0.004897968975547,0.0418765941098717,0.0091097938488973,-0.0132102317368065,-0.0121100688165118,0.0042130667193038,-0.0152949450356376
2021-06-04,0.0029325534212778,-0.002621233479874,-0.0034423441909727,-0.006568168112096999,-0.0268029251241461,-0.0132782033860769,-0.0174384030016376,0.0037418191459952,0.0077774846126077,-0.0313101082284572
2021-06-07,-0.0029325534212778,-0.0105541876786903,0.0055020771539835,0.0,-0.0420120067659848,0.0165703874295539,0.0384918121994704,0.0074418948103858,-0.0071770643003636,0.0018691594227036
2021-06-08,0.007315321576372999,0.0008837826470076,-0.0082645098498934,0.0,-0.000205317729907,-0.0099092470627719,-0.0065317018632153,0.0018518523810735,0.0154857174393807,-0.015052024537581999
2021-06-09,-0.0029197101033349,-0.0008837826470076,0.0655753278660111,-0.0049545931246834,0.0030753484002477,0.0262095264677326,0.0423411545599261,-0.0046360769174782,0.0023612761856797,0.0075543324317814
2021-06-10,-0.0147278067102434,-0.0088810530439604,-0.0315815720502987,0.0293658948043644,0.0,-0.0064882628264530005,0.0,-0.0018604656529199,0.0105572828058764,0.0037558729598052
2021-06-11,-0.0424306071297051,0.0,-0.0020073609952322,-0.0145751568029679,0.0,0.0008133388004285,0.027263150758364,-0.0235526666725127,-0.026006193746924,0.0037418191459952
2021-06-15,0.0077101384259674,-0.0225539555641991,0.0179228163011315,-0.0114849498668969,0.0,-0.0032573318703068,-0.0098280889362625,-0.0144025533279226,0.0095352331509999,0.0055866067086398
2021-06-16,0.0045977092486293,0.0081781464438925,0.0019717390548397,-0.0116183879538649,0.0,-0.0214352807200648,-0.0099256397999702,0.0009666506310948,-0.004756251534649,-0.0093284258546351
2021-06-17,0.0015278841780532,0.0045146803545264,-0.0019717390548397,0.0263606696910685,0.0,-0.001668057100697,0.0355211869889338,-0.0029027596579611,0.0147887936355366,0.011183713956381002
2021-06-18,-0.0061255934266826,-0.0200188668904917,-0.0266682470821613,-0.0048899852941919,0.0,-0.0227954150776774,-0.0255955471889635,0.0125182183574032,-0.0064801404965195,-0.0074418948103858
2021-06-21,-0.0015372793188865,0.0145987994211522,-0.0108696722369034,-0.0148150857851405,0.0,-0.0094380794973067,-0.0237362798988307,-0.0009573959563273,0.0129185589915561,-0.0122124580295039
2021-06-22,-0.0015396461855927,-0.0009062075835379,-0.009608859106637,0.0229518271782023,0.0,0.0102916860365476,0.0113137599002732,-0.0009583134418118,0.0173515053112001,0.0150096626505651
2021-06-23,0.0015396461855927,-0.0063665517455415,0.07055486932371699,0.027179930531837995,0.0,0.0252751449581949,0.0953101798043252,0.0038277558697648,-0.0144385990860755,-0.0018639334380625
2021-06-24,0.0046047663867483,-0.0018264845260342,0.0051282163669195,-0.0095087879690272,0.0,0.0058067355196396,-0.0022753138371358,0.0057143012634384,-0.004664731490656,0.0221411258772135
2021-06-25,0.0076278020488862,0.0072860067309332,0.0264999734014503,0.0,0.0444428621707606,0.0341496598521184,0.0247481696891944,0.0280917348670151,-0.0105758917590579,0.0054595222048989
2021-06-28,-0.0045696956900653,-0.0027260353092386,-0.0682815074164056,-0.0144348937836025,-0.0322351825908313,-0.0483106628416161,-0.0548082364949951,-0.0120763195450388,-0.0178789029402079,-0.00090785299018
2021-06-29,-0.0015278841780532,-0.0045599714216946,-0.0147752855821545,-0.0097403367483848,-0.0316378071736904,-0.0109659470879242,-0.034630326152246,-0.0084467888419688,-0.0255799574572512,-0.0054644944720787
2021-06-30,0.0060975798681186,0.0009136592686744,0.0384918121994704,0.0048820275973084,0.0045814324199873,0.0050761530318608,0.0096735941783783,0.0158956128549596,0.0183379221844517,0.0018248180246294
2021-07-01,0.0030349036951538,0.0455232550240838,-0.0337668624708173,-0.0114286958236229,-0.0106528422563014,-0.0076239251106593,-0.0633358751718105,-0.046520015634893004,-0.0301283162918233,-0.0286658555494407
2021-07-02,0.0,-0.0122916385115567,-0.0081136347741694,0.0402306867273289,-0.0341767564514965,-0.0223569071012765,0.0278146881828766,-0.0186371259987443,0.0295224392663215,-0.0237315361108207
2021-07-05,-0.0030349036951538,-0.010657294473988001,0.0214917607203459,0.0140957698003933,0.0030375375926241,0.005203827875027001,0.0173057470975925,-0.0029747171167429,-0.0152674721307883,-0.0125666225998584
2021-07-06,0.0075700588605451,0.039392401710661,-0.0059980186485537,-0.0140957698003933,0.016756568223033,0.0103271141558498,0.0170113458265368,0.0079129987573254,0.0030721990369704,0.0125666225998584
2021-07-07,0.0,-0.0164434687251162,-0.0216224640131654,-0.0031595602903684,0.0012774112871811,-0.0198882473998325,-0.028102032520694997,-0.0019723872272043,-0.0086260547197674,0.0067017962660185
2021-07-08,-0.0849567224759655,-0.0184945826361642,-0.0729526918697911,-0.0224009366891666,-0.0215062052209633,-0.0428254557131095,-0.0745846847527289,-0.014918227937219001,-0.0200006667066698,0.0094967475372573
2021-07-09,-0.008244069775082,0.0035492495111411,0.0736355187997017,0.0128619136424077,0.0030388562565124,-0.0552833965493966,0.0,0.0030015030037562,0.0037807228399064,0.0075329923075448
2021-07-12,-0.0049792633996073,-0.0178735767992948,-0.0262809039743312,0.0095390230467589,0.0054036660180449,-0.0106538537972755,0.0066533844907366,0.012903404835908001,0.0043928530007351,0.0084073358359733
2021-07-13,-0.0016652793190612,0.0009013069560128,0.0755585163620429,0.0094488891979322,-0.0008626267517883,0.0325699286854246,0.0666913744986721,0.0,0.008107309763495999,0.022989518224699
2021-07-14,0.0049875415110391,-0.0081411575837,0.095369248294256,0.0046911735758803,-0.025345468588676,0.0242097485072263,-0.0012414650880647,-0.0029629651306573,-0.021978906718775,-0.0192754935283274
2021-07-15,0.0099010709827114,0.0054347959859573,0.0123277170245894,-0.0141400627738126,-0.011126060477828001,0.0245355333660199,0.0037197811025317,-0.0129419427090069,-0.0172914971100612,0.0165444950170958
2021-07-16,-0.008244069775082,0.0072007511855822,0.0433857996770754,-0.0354304369795006,0.0117897039044638,0.0,0.0220327149998826,0.0,0.0185605328133662,-0.0073193373422699
2021-07-19,-0.0016570012076293,-0.0072007511855822,0.0231926463992753,0.0032733253449692,0.0063926151787265,-0.0008980692116842,-0.0245110310143497,-0.002006018726866,-0.0134058822247014,0.0172967443742688
2021-07-20,-0.0016597514183644,-0.0045269429957772,-0.0282332619444143,-0.0198026272961797,-0.0079418021655559,0.0089446034628983,-0.0037290285598667,-0.0060423144559624,0.0076824961720158,0.0045024839683156
2021-07-21,0.0016597514183644,0.0018132371241805,-0.0325278320660231,-0.0548082364949951,-0.0156253179030807,-0.0116436604320635,-0.0316281897683698,0.0120483385161742,-0.0038338705107219,-0.0072137373236915
2021-07-22,-0.0016597514183644,0.0143887374520996,0.0431394926606176,0.0017590154051798,-0.0022522532043254,0.0098611287657801,0.0127715656794875,0.0128906098310777,-0.0038486256612939,0.0214869501978083
2021-07-23,0.0,-0.0143887374520996,-0.0512932943875501,-0.0285224326039963,-0.0278938980958365,0.0044503856274755,0.0398062504004195,0.0156405925410725,0.0051282163669195,0.010572785712414
2021-07-26,-0.0083403319162189,-0.0145987994211522,-0.0035149421074449,-0.0219387226758531,-0.0528442787184446,-0.0197315818625951,-0.0159806719883501,-0.0285312023721502,0.0264999734014503,-0.010572785712414
2021-07-27,-0.0117945764928368,-0.0393677827910199,0.0509117662158722,-0.005560718684697,-0.0327979708232679,-0.0303471563892916,0.0135386683327984,-0.0303974771843709,-0.0163217684856946,0.0017699119664587
2021-07-28,0.0067567824628798,-0.07956481041235001,0.0220637742345717,0.0018570107472126,-0.0186111171687453,-0.0018691594227036,-0.0123002780816516,-0.0186921330121525,-0.048631948838035996,-0.023256862164267002
2021-07-29,-0.0067567824628798,-0.0145987994211527,0.015160008802546003,-0.0074488240129906,-0.0036091815409178,0.0074557661313434,0.0316713438376514,0.0010476690324439,0.003978785089763,0.0364322833228314
2021-07-30,-0.0033955890011383,-0.0169495583137733,0.0101577991817443,-0.0517852993175245,-0.0044001623990377,0.0364671219128118,0.0593542426491824,-0.0020964368265281,-0.0214054995619394,0.0164434687251162
2021-08-02,0.0050890695074714,0.0053276631077876,-0.1041791806119953,0.0175614269299471,-0.0151597257656272,-0.0318353396627735,-0.0617552041867206,0.0309942164929641,0.027344151129522,-0.0017182134811366
2021-08-03,-0.0050890695074714,-0.0085379387380357,-0.0385125814111915,0.0057859370670438,0.0076085897683957,-0.0224308469881822,-0.0748478907964327,0.0030472344554688,-0.0039551798429275,0.004290010869508
2021-08-04,0.0033955890011383,-0.0162078102268536,0.0461574289936321,-0.0135529664047033,-0.0110382198284293,0.0242775695813466,0.06275584503140401,-0.0020304575503820002,0.0019795453511379,-0.006011181690281
2021-08-05,-0.0033955890011383,0.0226180885877727,-0.0219138173836395,-0.013739175883303999,0.0007924977300257,-0.0167445772738017,-0.0296317976063713,-0.0081633106391607,0.0954899443133028,0.0271894404000243
2021-08-06,-0.0068259650703998,-0.0128619136424079,0.0496452304891654,0.0059113472630571,-0.0092851177756791,0.0250128834507488,0.0875333794026942,0.0010240656296902,-0.0005993407431432,0.0008378718546313
2021-08-09,0.0051238369998696,0.0370608850998515,-0.0155041865359653,0.0078278286202468,0.0263034627919007,-0.008268306176946998,0.0,0.015236455242089999,0.0107335556431089,0.0124845566622453
2021-08-10,0.0017021280705302,0.0031136506732796,-0.0461893824693748,-0.0058651194523982,0.0049203776596318,0.004601940933369001,0.0,0.0140142433748118,0.0222883126618373,0.0204673538505404
2021-08-11,0.0084674510990985,0.0564097168256796,0.0571247432394304,0.0136321487900576,0.0072072384049493,0.026281530782084,0.0,-0.0079840743482204,-0.0058173520659132,0.0490216724468872
2021-08-12,-0.0050718620979601,-0.0207825391825284,0.0712418194321133,0.0191576740329331,-0.0196846552861846,0.013327607312962,0.0,-0.0040160696548903,-0.0087899774857929,-0.0093023926623136
2021-08-13,-0.0016963532481786,-0.002002002670673,-0.0193762789631386,0.0018957351648993,-0.0007850320957918,-0.0124335527160814,0.0,-0.0010065426114014,0.0255679238480888,0.0253762174933744
2021-08-16,0.0016963532481786,0.0247414896401623,-0.0826729753910315,-0.0018957351648993,0.007303110184976,0.0088968558377366,0.0,0.0040201059166657,-0.0103807160545605,0.0150718753586618
2021-08-17,0.0016934805063331,-0.0009779951879766,-0.0245007773909753,-0.0152966653754735,0.0256555887677754,-0.0305779218990607,0.0,-0.0010035123772400001,0.02178985293241,0.0574076971517221
2021-08-18,0.0,0.0087677132533103,-0.0146254892189792,0.0,0.0163299697135443,-0.0018281540740625,0.0,0.0537501132923528,0.0185450664642745,0.0955669521770286
2021-08-19,0.0084246496592514,-0.0315297053684067,0.0224592141247428,-0.0155342929621842,-0.0067508694941764,-0.0194001465457911,0.0,-0.0172749017573123,-0.0055834874257003,-0.0090264958459722
2021-08-20,-0.00167926151972,0.0049925216031208,0.0059844583152401,0.0174592213717685,-0.0218116686550025,-0.0235971307602103,0.0102799306197494,-0.0029083878959572,0.0243374843990222,0.0760490921420666
2021-08-23,0.0,0.0039761483796394,0.0276569554859014,-0.00385356931599,-0.0023103591331841,0.0356510551040227,0.0953101798043247,0.0019398648178268,0.0296118540466445,-0.0006004203122439999
2021-08-24,-0.0050547706616239,0.0312525435041046,-0.0075735870312239,0.0,0.0023103591331841,0.0218787213758071,0.0030943810147476,0.0182434248354428,0.0121277521261204,-0.0715701925012517
2021-08-25,0.0050547706616239,-0.0164812261837918,0.0356154816683202,0.0115164420615592,0.0719628158073337,0.031945928637973,0.0638302374081445,-0.0172749017573123,0.0954054678124012,0.0109080324427286
2021-08-26,0.0067001925698197,-0.0137797455980175,0.0952075683425346,0.0113853222251252,0.0087896990650566,0.0377079807024416,0.0332572217564823,-0.0029083878959572,0.0401547877090573,-0.0134920132086535
2021-08-27,0.006655598611736,-0.0049677201019346,0.09208655581158699,0.0,-0.0212748552413954,-0.0126958963027399,-0.0103335818545451,0.0019398648178268,0.0181410870706502,-0.0209157951499729
2021-08-30,0.0,-0.0252156577211639,0.0825951509552891,-0.0094787439545436,-0.0284263197989442,0.0595216989593567,-0.0104414807204191,-0.020558727021036997,-0.0241085135465146,0.0458292523139864
2021-08-31,0.0066115943323128,0.0172156150540878,0.0952710109670471,0.0094787439545436,0.0728465682750965,0.0956019802149161,0.0954836553880715,0.0176475168135783,0.0952264662719835,-0.0012626264303685
2021-09-01,0.0195764816250978,0.0432287345508202,-0.0138042026371913,0.014981553615616998,0.0046114907639074,-0.0036536394315791,-0.0157345903535559,0.047447229424085004,0.0953482322786918,-0.0425870805324799
2021-09-02,0.0032258092488826,0.0028804628653538,0.0623518589006097,0.0037105793965357,0.0006898930939374,0.0281505416371108,0.0957105802100746,0.0092251576748259,0.0270286723879191,0.0954899443133028
2021-09-03,-0.0064620580280909,0.0047824098802151,-0.0341589188113191,0.0399327103353708,0.0383361487435474,-0.0049946589740907,-0.0416897314501829,0.0191001713734193,-0.0801661720850765,-0.0114493567672089
2021-09-06,0.0112813444640398,-0.0115164420615592,0.0115164420615592,-0.0125337361472566,0.0006634966515659,0.06104530248394901,0.0496642553689525,0.0134230203321408,-0.0080580613297627,-0.0395601646998331
2021-09-07,0.0095694510161505,0.0266682470821617,0.0282238865879551,0.0319176029683052,0.0220846408743704,0.0173453314617737,0.0953823845770918,0.0,0.0192313619278876,0.0150190557837155
2021-09-08,-0.0015885626851377,-0.0170620252767217,-0.0070750620949784,0.0034843240826107,-0.0150346006581547,0.0,0.0943251198001919,-0.0053476063265955,0.0408219945202552,0.0953101798043252
2021-09-09,0.0173369196532771,-0.0019138761822841,0.0954460586006478,0.0223569071012763,-0.0101501312729745,0.0382790815161429,0.0549659113172804,0.0168369063743512,0.0954833249869926,0.0167977073931222
2021-09-10,0.0031201273362435,-0.0019175461292717,-0.0040844168422249,0.0050890695074714,0.0151868220914277,-0.0529362393161165,-0.0762150507994068,0.0017559267022648,-0.0977716555050047,-0.0413773958119549
2021-09-13,0.0031104224143925,0.0302480527554975,0.0952481662233308,0.0527305013813548,-0.0294823525645067,0.0830325547381307,0.0394788109737875,-0.0079260652724206,0.0144051012521013,-0.0046403795565024
2021-09-14,-0.0203928635631405,-0.0360228522493817,0.0320393537446164,-0.0309723208526382,-0.0257505398271238,-0.0307330553352818,-0.0791828623927011,-0.0314350086081596,-0.0565165866022283,-0.0306989868888067
2021-09-15,-0.0063593219082924,0.0332256476283205,-0.0261651677391858,0.0,-0.0109087770890012,0.001909004715924,-0.02045926741813,0.0045516692147189,-0.0188950345041747,0.0485617493671601
2021-09-16,-0.0080064478937413,-0.0178996771500936,0.0667709226651287,0.0115227612367805,-0.0136280304650902,0.0188922495512753,-0.0311281013723632,-0.0174076773162528,0.0028368813351997,-0.0709937296648384
2021-09-17,0.0032102756302483,0.0178996771500936,-0.1047839806173538,-0.0049220772054283,0.0318965463861715,-0.0710893550703626,-0.0692555110157102,0.0073665158167623,0.0512730594600414,0.0426107065123058
2021-09-22,0.0190481949706944,0.0952252937637831,0.0952228473733711,0.0163135754915237,-0.0126832093371231,0.0579023507884088,0.0736575724163479,-0.0110702237542468,0.0875558910243197,0.09520334790421801
2021-09-23,0.0,0.0480622738061042,-0.0665006583589917,0.0302811981144726,0.0041686026090466,0.0268179464362385,-0.0229554692963858,0.0256424306133378,0.0491423388517127,0.0746038809166744
2021-09-24,-0.0174469136037205,-0.0073081933067249,-0.0993631861319195,-0.0254385736386846,0.0158205752986271,-0.1043354002425807,-0.0917211225645076,-0.0265705049258917,-0.026160826038672,-0.0446095250484828
2021-09-27,0.0031948908965191,-0.0156060662161512,0.0133130486497377,0.0048192864359488,0.0058970458938794,0.0074855742526631,-0.0419172848816695,-0.0206386312462218,-0.08098979974140301,-0.1054181176854336
2021-09-28,0.001593625835278,0.0633478291013664,0.0913255570092221,0.0947272593564576,-0.0027173929764998,0.0333364202675916,0.0236897711224046,0.0103725588156229,-0.0052395329446639,0.0311905068404163
2021-09-29,-0.0047885167317971,0.0007766990681723,-0.1053261271710881,0.0244792640847795,0.0024912253853517,-0.06782259633876099,-0.0462015442946217,-0.0122700925918142,-0.1018228988168727,-0.0352309163774213
2021-09-30,0.0015987213636969,0.0046475683965470005,-0.0030997097317544,-0.0259380535484397,0.0009043636157866,0.0378702740554097,0.0378051893417152,-0.004759647252988,0.0419015943427578,0.0567727601521763
2021-10-08,0.0095390230467589,-0.0007730962889884,-0.0637339696316128,0.052606300630601004,0.0602922302561199,-0.0267047707586383,-0.0926997619184626,0.0132703369208968,-0.0084017297582379,-0.1053605156578267
2021-10-11,0.0047356047458340005,-0.0077640141562209,0.0953101798043252,-0.0777369653561805,0.0544478878892911,0.0599304183869588,0.0264734766671717,-0.0132703369208968,-0.0330844959388803,-0.0723813798771035
2021-10-12,-0.0015760444554655,-0.0007797271350211,0.0191995305070893,-0.0090226175996372,0.0146017195767966,-0.0298529631496813,-0.0613005258637957,-0.0221909733084788,-0.0594573216488698,-0.0231109658809081
2021-10-13,-0.0095087879690272,-0.0031250025431353,-0.0713375384462056,-0.0136884266605772,-0.0059749231725181,-0.05894253563345,-0.0164175585140258,0.0048661896511728,-0.0317913498162751,0.0132715949289039
2021-10-14,0.0047656960730144,-0.0530244683082203,-0.0141846349919565,0.010662705744040001,0.0532889047085878,-0.0007145409378686,0.0135398586864106,0.0,0.0009095043828408,0.0279511208950502
2021-10-15,-0.0015860431556349,-0.0066225407604934,0.0739804129979906,-0.0528894639203725,-0.0056980211146377,0.03718422071926,0.0686726152792505,-0.0087762630590155,-0.0009095043828408,-0.0032102756302481
2021-10-18,0.0094787439545438,-0.0058309203107929,0.0888063377753218,0.0958908999135599,-0.030950246041101002,0.0351863091250437,0.039565600206191,0.0078049176693837,0.0180347539083038,0.0172143237142647
2021-10-19,0.0031397200046676,-0.0067058088671916,-0.0079220402123971,-0.0339516004732693,0.0017666115105874,-0.0127134532729851,-0.032416329361967,0.0058139698654198,0.014637653233687998,0.0175443096509093
2021-10-20,0.0078064408928295,-0.0144009265538236,-0.1053945055628275,-0.0304901667577872,-0.0015701671528201,-0.0740561734434979,-0.0662615838614923,-0.0116619397478427,0.0126888598116825,0.0074257766968495
2021-10-21,0.0015540018667343,0.0185973238155892,0.0523124893118547,-0.0156009404424797,-0.0039362381073164,0.0887623208331933,0.0364356043462383,0.0048756800634839,-0.0237582666188527,0.0
2021-10-22,0.0015515906914187,-0.0160408673742877,-0.0900658906427209,0.0,-0.0129008438032998,-0.0722211310319598,-0.0712890837473017,-0.0029225544426019,0.0115096445426536,-0.0256023974658861
2021-10-25,-0.0077821404420548,-0.0232468496987476,0.0021156566424545,-0.0031496089028961,-0.0070161658970469,0.018375075304994,0.0058939266887780015,0.0009751341582062,0.0165870236747971,0.0952526771448112
2021-10-26,0.0,-0.01668901272985,-0.0138324603096759,-0.0079176977367854,0.0216902344778548,-0.0133946310008492,-0.0019607849419411,-0.0186921330121525,-0.0100066094930579,0.0165387288433054
2021-10-27,-0.0094192219164916,-0.0080035998605216,-0.0876609385584252,-0.0522141433078384,0.0056924287582704,-0.036867203780039,-0.0492809617252962,-0.0220892515464732,-0.0247909995902486,0.0173819907529444
2021-10-28,-0.0031595602903684,-0.0216614967811792,-0.1051439482503746,-0.0220161305643751,0.0035170024529027,-0.0804723532225728,-0.05509868087693799,-0.0010157441198357,-0.0416440864166354,0.041377704453977995
2021-10-29,0.0047356047458340005,-0.0495660125071886,-0.0223350646448881,0.0152934161694984,0.0294054049166065,-0.0015974444291573,0.0065146810211937,0.0040568006956145,0.0523441439208816,-0.0325231917055601
2021-11-01,-0.0079051795071132,-0.0381091547490979,0.0110109018201884,-0.0734595898448109,-0.0333139500526633,-0.0128722614048335,0.0203542109917735,0.0787962132771773,0.0017722645312243,-0.020034059033116003
2021-11-02,-0.0063694482854796,-0.0396191989126881,-0.0065919816821531,-0.0332133849870699,-0.0141986214949811,-0.0287494132859857,-0.0400269765904783,-0.0018726597232916,0.0953504220627259,0.0089536132565442
2021-11-03,0.0031897953681001,0.0194977957132671,0.0953903433379763,0.0056127369049576,-0.0019880722253864,0.0392207131532811,0.0957114639188589,-0.0009376465759638,-0.067843776272892,0.0688814446664007
2021-11-04,-0.0063897980987709995,-0.0163938097756761,-0.0165693829147621,0.0257841171557144,-0.020304245622932,-0.0137154227449194,-0.030552274508543996,-0.0084786188555519,0.0055830078451606,0.0266819317464421
2021-11-05,-0.0032102756302483,-0.0177180247311867,-0.0613379976428665,-0.0183491386681964,-0.0042739456531109,-0.0363977315747856,-0.0487384591979873,0.0279869012509714,-0.0650240065611256,-0.0653827592628517
2021-11-08,0.0032102756302483,-0.0095087879690272,0.0265086065011868,0.0345803335967789,0.0761600012528984,0.0083893109483055,-0.0186306758631302,0.0027560881019801,-0.0439117721113895,-0.0136056520557783
2021-11-09,-0.0064308903302903,0.0,-0.0339015516756813,-0.0107914716327643,-0.0579703324035225,-0.0160003413464413,-0.0314632694557852,0.006401485052040999,0.0085592533956697,0.0270286723879191
2021-11-10,-0.0097245498919948,0.0476774231715046,-0.0350913198112703,-0.0109091991003535,-0.0161521783319606,-0.0110969982117308,-0.0219281723386113,0.0054545589782719,0.008017020067327,-0.0275767677702343
2021-11-11,0.0193554429529561,0.0954941893733414,0.0476701020181304,0.0145193113244532,0.0189521801612961,0.0203915306909805,0.0127537960625701,0.0312385954327738,-0.0047081066251801,0.00328407520119
2021-11-12,-0.0064102783609192,0.0254327967730101,-0.0103987072208986,0.035401927050916,0.0140805499346789,-0.019533529780343995,-0.028039220064392998,-0.0186258156170757,0.0302137785964964,0.0438338477758799
2021-11-15,0.0064102783609192,-0.0190137009122928,-0.0345625895291448,-0.0122486220761992,-0.0269450489576645,-0.0008580009106364,-0.0155226997405089,-0.0336854789509351,0.043017385083691004,-0.0737861700592312
2021-11-16,-0.0128619136424077,0.0027384772933038,-0.0113354194924242,-0.0070671672230924,-0.0075134884885246,-0.0146997891202893,-0.0268308777969563,-0.0027816429618767,-0.0226223885626177,-0.0332028210079147
2021-11-17,0.0032310205814465,0.0,0.004095568864737,0.0017714796483823,0.012357090288916,0.0291866210865316,0.0207958564624863,-0.0009289364346587,0.0071524667904858,0.0011634672632978
2021-11-18,0.0,-0.0137680008688034,0.0211196346766904,0.0,-0.020749320487245,0.0067453881395316,-0.0109556786609754,-0.0159253951203233,0.0115147419292038,0.016147986407982
2021-11-19,0.0032206147000419,0.0618199493154558,0.011933843286906002,0.0,-0.0070132300656986,0.0273535495815973,0.0217926299908528,0.016854331554982,0.00745781039413,0.0954141893732991
2021-11-22,-0.0064516352814885,-0.036271114415503,0.0113587940356061,-0.0071048256237447,0.0057791698514964,-0.0106864970963855,-0.0060060240602117,-0.0046533355256412,0.0004369674528783,0.0175262218072962
2021-11-23,0.0,0.0275450555556959,0.018933439931593,0.0194180858571013,-0.0006176016665691,0.0090498355199177,0.0048077015681031,0.0092851177756796,0.0456856392827731,0.0142062257252146
2021-11-24,-0.0016194335523029,0.0570610286326842,0.0671725171530015,0.0069686693160935,0.0098361448767132,0.0274653774551798,0.0536885051135054,-0.007421184337616999,-0.0096457027995766,-0.0203569370687439
2021-11-25,-0.0048740957582453,-0.0141728091394597,-0.0116257072073944,-0.042559614418795993,0.0006115584738561,-0.0144464791733964,-0.0453302474993044,-0.0018639334380625,-0.0217260941779264,0.0338672751670832
2021-11-26,-0.0032626456348163,-0.0008399832497252,-0.0636786758567362,-0.0164387263431597,-0.0403381091661727,-0.0154789241226458,-0.0338605504251372,-0.0226424767497599,-0.0116960397631915,0.0039682591756204
2021-11-29,-0.0049140148024291,-0.0212322201057739,-0.0129759606131933,-0.0111112254250707,-0.068947405575011,-0.0115608224010759,-0.0173701637815359,-0.0095878011551535,-0.0069960932489609,0.0383635294253825
2021-11-30,0.0,-0.017316450011461003,-0.0109434228480562,0.0958179228972335,-0.0190481949706944,-0.013378125946176002,-0.0012523483164659,0.0048053912749383,0.0500639299896557,-0.0285112329823711
2021-12-01,0.0081766604372455,0.0510749299364152,0.0430729802765741,-0.0084962278290856,0.0390781208245067,0.0428401586764923,0.0223057575142981,0.0104912741005351,-0.0130226583093069,-0.0103474685254245
2021-12-02,0.0016273396593755,0.0123712918025469,0.0303116417913562,-0.0259305799210023,-0.0058100722100542,0.0199607425625383,-0.0024539889615664,-0.0009492169673319,0.02752467339009,0.0230120313667465
2021-12-03,0.0080972102326193,0.01545374390184,0.0381189581036096,0.024222637575846,0.0308938956028335,0.0501068200541787,0.0456261608267754,0.0094518662079727,0.0090090699423663,0.0587436899158824
2021-12-06,0.0016116038943414,0.0112360732669261,-0.0247122978234943,-0.015504186535965,-0.0067589922635669,-0.0098225194725185,-0.0094340322333588,0.0009402915596417,-0.0053137259712419,-0.0050331838123316
2021-12-07,0.0207178725037471,0.0,0.0016129035754648,-0.0052219439811516,0.0143356060597161,0.0120756184354275,0.0234202742080986,0.0195445960729698,-0.0274217431176344,0.0132150476369825
2021-12-08,-0.0047430918960127,0.0197556800414115,-0.0335959494285154,0.0155847310166981,0.0109384468653881,-0.0235304974101939,-0.0069686693160933,0.0109991943006706,0.0565029524184761,-0.0326691118351267
2021-12-09,0.0063191363514782,0.0224380786867421,-0.0443002588965799,0.0237702193339119,0.0031945506881991,-0.0139213385186081,-0.0140847398817389,0.0117808340311493,-0.0011949812216669,0.0032687397771269
2021-12-10,-0.0222939169592126,-0.0350366705230635,-0.0087489621932355,-0.0152158472372532,-0.0119787528600698,-0.0149080830882857,-0.008308653139017,-0.0172653084733092,-0.0176924598896319,-0.0536270177337709
2021-12-13,0.0238674814066433,-0.0063593219082926,0.0056955247063452,-0.0034129725962401,-0.0127776508357166,0.0203449896850216,0.0153758203621094,-0.0101336657148052,-0.0012177797323915,0.0452000015718905
2021-12-14,-0.0078927007989089,-0.0096154586994416,-0.0306078450862417,-0.0172418064345059,-0.0061215757408294,-0.0227193477454838,-0.032203140494635,-0.0111733005981253,0.0323704586777209,-0.0118232637633406
2021-12-15,-0.0079554914411146,0.0080192891666195,0.0953101798043247,0.0,-0.0188162717994759,0.0172824411487479,0.0108500160240661,0.0139472274808505,-0.0082922488972547,0.0359767835077233
2021-12-16,0.0111200510440776,0.0015961695328221,0.095235722412533,0.0034722257107491,-0.0101067676697748,0.0648305345722639,0.0861116918187319,0.00827590930386,-0.0067635030058998,0.0285022686874856
2021-12-17,0.0031545767485152,-0.0023952107259548,0.004457659684518,0.0086281812233381,-0.0159275266961009,-0.04784170898579401,-0.0324231867052264,-0.0091996968984235,-0.0072115697155603,-0.0230102640366389
2021-12-20,0.0,0.013497624530259999,-0.0826405937143319,-0.0190812380754274,-0.0032161755267052,-0.0154324050388119,-0.0417694128762953,0.0064486635265335,-0.0570874591444918,-0.0467156401668327
2021-12-21,0.0094044580279786,0.0341118345068633,0.0226875402667947,0.0156388938844547,0.013484377553905002,0.0062015702632813,0.0117786991926127,0.0145854910188929,0.0110077318098289,0.0095193484196869
2021-12-22,-0.0046911735758803,-0.0091884260544063,0.0074495541534442,-0.0138891121606672,0.0013611617346596,-0.0085371104452094,0.0174119314768224,-0.0182653479772936,-0.0191291699089957,-0.0210634881665523
2021-12-23,0.0,-0.0147232415528937,0.0525034992940929,-0.0052585572534666,-0.0054557989387258,0.0170019551411573,0.020501857044187,0.02278002833182,0.0047099209311647,0.061904430872992994
2021-12-24,-0.0078678612006135,0.0139537147738653,-0.0408528820741178,-0.0017590154051798,0.015830271780342,-0.0390674681909093,-0.0113379899373962,0.0035971261808493,-0.0427639329707023,-0.0370584322864622
2021-12-27,0.0031545767485152,0.0145206983918528,0.0073091304431449,0.0035149421074447,0.0313629945933682,-0.0080000426670765,-0.0160923012887548,-0.0108304307743694,0.0268324872955734,0.0196267982385869
2021-12-28,-0.0047356047458340005,-0.0007590133191714,-0.0588056562103198,0.0156661167443992,-0.0065445259766523,-0.0137487001917202,-0.0293965906013449,-0.00090785299018,0.0286650642496235,-0.0459252299054324
2021-12-29,0.0,-0.0137616850726813,-0.0500104205746612,0.0034482792789158,0.017357780127313,0.0040633944572565,-0.0083883056266351,-0.0063781537407532,0.0225197173061779,-0.0116960397631915
2021-12-30,0.0094488891979322,-0.0030840425369618,-0.0025673955052458,0.0,0.0189629630281462,-0.0163535942202939,0.0024038473113945,0.0225947253299985,0.0122952368570374,0.0617773596962432
2021-12-31,0.0031298930089278,0.0296712523419313,0.008107575880861001,0.0187558780320946,-0.0146701897477941,0.0057542287832519,-0.0072289471431514,0.0,0.0097284918065696,-0.012987195526811001
2022-01-04,0.0093313274288842,0.0007493443587804,0.0185268457070217,0.0315903242875896,0.0384460750930037,0.0057213069836090005,0.0460802135387439,-0.0026845653706688,0.0004033071238374,-0.0375787379364425
2022-01-05,0.0,0.0096907206379026,-0.0181019466141623,-0.0098685011407539,0.0065735651666547,-0.0147785940961187,-0.0304830167250758,-0.0099055289894027,-0.0105392138881712,-0.034018562549468
2022-01-06,-0.0015491869868293,-0.0066989457810797,0.0109844788452986,-0.0099668599153919,0.0032706488681224,-0.0008274721200325,-0.0011911853701529,-0.0275246733900904,0.0304999564507091,0.0513183692988494
2022-01-07,0.0092593254127968,0.0530840723620147,-0.0298529631496813,0.0,0.0200026873148524,0.0049545931246837,-0.0011926059851230001,0.0055658770774451,-0.0227873142001495,-0.0433263187675114
2022-01-10,0.0045977092486293,-0.0028368813351997,0.0218377335696735,0.0033333364197579997,0.0,0.027621577309929,0.0270764039456472,0.0064546097766799,0.0076536123859276,-0.0195936939004015
2022-01-11,0.0060975798681186,0.0189945914757339,-0.0305334405372272,0.0148640226321492,-0.0076305591125214,-0.0096619109117366,-0.0046565858299505,-0.0027611614413283,-0.0715184152469881,0.0111000130600746
2022-01-12,-0.0030441423812284,-0.0232650605991859,0.0043573053689556,-0.019868203216725,0.0026170120623012,0.0072551708811716,0.010446989964655,0.0,0.0363984318742685,0.0104817530657128
2022-01-13,-0.0061162270174359,-0.0595107630722102,0.0180961422404215,-0.0033500868852820004,-0.0092911191499944,0.0269429926800346,0.0539456628917149,0.0027611614413283,-0.008347293876763,-0.100187995458604
2022-01-14,-0.0107942451308804,-0.0284088202724186,-0.0360830276896595,-0.0272125635248847,-0.0112234623698497,-0.0472276638515403,-0.0516388567937999,-0.0270160818144815,-0.0267588698874519,-0.0250082496652521
2022-01-17,-0.0015515906914187,0.0200469319452905,-0.0004427717583959,-0.0069204428445737,-0.0088632961968877,0.0065359709797854,0.0193959303475792,0.0131333970292919,0.0221379836983324,0.0250082496652521
2022-01-18,0.0123458358222992,0.0491536022980918,0.0348163973224067,0.0120795256546011,0.0219113916122446,0.0383433551976475,0.0212417153842472,0.0202958996199025,-0.0118595206177181,0.0318687514811268
2022-01-19,0.0091603693986643,0.0072411612565597,0.0203224606258474,0.0,0.0060581768484877,0.012461220437811999,0.0164567619635103,0.010899290458036,-0.0158903923351845,-0.0005317734770353
2022-01-20,0.0015186031771898,-0.0043384015985981,0.0182729336767328,-0.0086133176781149,0.0274044154914152,0.0054033323280524,0.0032591012009071,0.0116750315805029,0.0,-0.0064034370352072
2022-01-21,0.009063506153346999,-0.0094649414273009,0.0299981958853949,-0.0227481375259364,0.035408740467214,0.017551003741031995,0.0362126894948073,-0.0125787822068597,-0.0451603961188533,-0.0194600735547121
2022-01-24,-0.0121030221712437,0.0202758575315162,0.0071627843048758,-0.1024150054280697,-0.010644464693772,0.0067847979834798,-0.0254250983658099,-0.0099955398316793,-0.0059050818877142,0.0226669175642917
2022-01-25,-0.0076394565579576,-0.0350145178451017,-0.0367495422087418,-0.0379665979238508,-0.0063261018026889,-0.0312883210393937,-0.0688396030369622,-0.0400612489529459,-0.0394940990391594,-0.0514618195122364
2022-01-26,0.0030627895305457,-0.005210283465407001,-0.0061894152614176,0.018163970627671,-0.0229537406894095,-0.0070011954589834,-0.0209066848193133,0.0197653493330434,0.0023668650102659,0.0233214345337726
2022-01-27,0.0,0.0126067668899119,0.0147907380013965,-0.0100503358535013,-0.020676680952572,0.0046729056993921,-0.0201548019784603,-0.026441578231787003,-0.0287789645500429,-0.030651605500207
2022-01-28,0.0106464883944876,-0.0014749265210673,-0.05922368678172099,0.0357180826020793,0.0141619999313782,-0.0259754864032606,-0.0745686954975086,0.0028667004820759,-0.0097800290536396,-0.0298701127196565
2022-02-07,0.0224392361912777,0.0348113467886594,0.0758064732491767,0.0212158391502725,0.033307198017769,0.0398645985639278,0.0454050247620658,0.0019065782705816,0.0295349475642372,0.0219155253211944
2022-02-08,0.0476624504891634,-0.0064354887819919,0.0454802016131705,0.094615976374849,0.0368601337154261,0.0522506903438779,0.0827895718207667,0.0207358984791783,0.0254370756807755,0.0124718169882815
2022-02-09,-0.0156364237697548,0.0170701157716037,0.0457008363369766,0.0,0.0280375183292189,-0.0029133305383570005,0.010163836790006,0.0257841171557147,0.020258519713467,0.0106473407092253
2022-02-10,0.0268567378372477,0.0056258938821684,0.0426511517889913,0.0374830932547405,0.0368356033964483,0.0209318360410351,0.0233214345337726,0.0045351551653913,0.0022763497195859,-0.027120306219194
2022-02-11,-0.004192878260035999,-0.0063313612835607,0.0509599054863127,-0.0083963549529064,-0.0067714470041657,0.0106572944739884,0.0270725792176338,-0.0045351551653913,-0.0141976279952245,-0.0535264485883839
2022-02-14,-0.0126851595273156,-0.0235641035130655,-0.0107275584581869,-0.0238919214247301,0.0008707009692434,-0.0128024508203763,-0.0161554402222852,-0.0332747888848721,-0.0060143600216884,-0.0344225749772091
2022-02-15,-0.0042643987864576,-0.0087083278917843,-0.0262948391843442,-0.0156661167443992,-0.0327318030382279,-0.0166008864746673,-0.0175250925553807,-0.0028235312876070005,0.0170236455300578,0.0167445772738017
2022-02-16,-0.0028530689824064,0.0058139698654198,0.0,0.0446043062367538,0.0093090539777236,0.0108578699720491,0.0011043623430531,0.0,-0.011470646531546998,-0.0030797683720797
2022-02-17,-0.0129405112757345,-0.0234614866789981,0.0072401626391456,-0.0050462680676244,-0.01652930195121,-0.002162163004495,0.0229142595228757,-0.0113745302176857,-0.0120707129466763,-0.0024706621585689997
2022-02-18,0.0200579790445987,0.0555498012304984,0.0334434139972978,0.0525572507386762,0.0299808322119359,0.0458310731343392,0.0906903259100326,0.0057034375138695,0.0014002336010099,-0.0099441465803922
2022-02-21,-0.012848142477849,-0.0098731408499368,0.0135293269737482,0.0158733491562899,-0.0035223706725062,0.0164050158897324,0.0795120629277335,0.0009474183560399999,-0.0098430604874364,0.0
2022-02-22,-0.0014378147696274,0.0049487552392588,0.0373153618219701,-0.0239055208535541,-0.0210383940700911,0.0074299565037843,0.0063492276786591,-0.0229895182246986,-0.0199816353096218,-0.025301792481282996
2022-02-23,-0.0130342178389069,-0.0235472884706338,-0.0324109871068802,0.0533878734180612,-0.0218587938124987,-0.0067522201172867,0.0009037506263567,0.0077220460939102,0.030291004968482995,0.0383333141599262
2022-02-24,-0.0146845516829212,-0.0021684142938238,0.0174592213717685,0.0151747980192351,-0.028202448104365,-0.0027137058715962,-0.0274742555522484,-0.0352286918837441,0.0115876151723877,-0.0124071070470535
2022-02-25,0.0117648415795863,-0.0131101659242078,-0.0155041865359653,-0.039943866131643996,0.003592705008399,-0.0437417873901413,-0.0514399112047621,0.0009955202415019,-0.0233110788684469,0.0228334511155252
2022-02-28,-0.0043956114730381,-0.0066201050896057,0.0314027726037635,0.0,-0.011962546527378,0.0098870861911719,0.0336408464666182,0.0059523985272949,0.0329419719294081,-0.0079632886360738
2022-03-01,0.0,0.0269401075805633,0.0338069099733218,-0.0432413241731943,0.0339906912874736,0.0338547011989693,0.0205807077000206,0.0098425991441946,0.0162973276619013,0.0030703125132576
2022-03-02,0.0116789648641462,0.0092957408734815,0.0833450117460521,0.0603357575324945,-0.0025882802395496,0.0087927519479782,0.0183491386681966,-0.0029426210541978,-0.0121980279109603,0.0030609145416788
2022-03-03,0.0158390640297461,0.0377139667549393,-0.0152674721307888,0.0699169436303297,0.0448862897879256,0.0080483331828284,0.0313224711290409,0.0019627091678486,-0.0109690313705739,-0.0049019706002066
2022-03-04,0.0,-0.000685635954182,0.0116132164831763,-0.0247285327757236,-0.0187589243560193,0.0152472294206935,0.0105171872138676,-0.0108428859247076,-0.0417607008986329,-0.0255068260360769
2022-03-07,-0.0114943794257349,0.0109141601806781,-0.0116132164831763,-0.0329371090740855,-0.0832640010827105,-0.0013166558847466,0.0468369979657823,-0.0119642503917707,-0.0301579275365608,-0.0248816663767366
2022-03-08,-0.0189648280589735,-0.0095433580468995,-0.091528166850753,-0.0467374778516898,-0.0205947873068592,-0.0430752998621106,-0.0850468882581125,-0.0233394663193031,-0.0496053111262733,-0.0476280489892544
2022-03-09,-0.0163329540220504,-0.0348467313301683,0.020702114282141002,-0.0423516060977131,0.0085666426877333,0.0204227656338611,0.0223923373126213,0.0071611559228279,0.0154482989817097,0.0074249412997371
2022-03-10,0.0163329540220504,-0.009978700049896,0.0024434954124754,-0.0016652793190612,0.0206152387590585,-0.0204227656338611,-0.0053286094112183,-0.0133403722887859,-0.0216950657813299,0.0285070679263261
2022-03-11,0.0,0.0177498447747828,0.0063859119248066,0.0629747991613884,-0.0035039942411834,0.0095825510809963,0.0228883231103123,0.028515170308021,-0.0026143805740703,-0.0111733005981253
2022-03-14,-0.0148370674304676,-0.0014084509370579,-0.0079123967274008,-0.0497295724113677,-0.0867277695004911,-0.0276260662749314,-0.0345319835423758,-0.0111056164125091,-0.0158314652166806,-0.0418414609041679
2022-03-15,-0.0521590612355369,-0.1054388211275032,-0.0640294339199378,-0.0751206304681082,-0.0280372041853138,-0.074862404479207,-0.1053605156578263,-0.0393425479860107,-0.058598749749787,-0.0766027318010929
2022-03-16,0.0355799324326258,0.0338754484897858,0.0231819782343238,0.0518250678645861,0.0874851638308631,0.0413954149889694,0.0168738494898739,0.05145167677576,0.0332809417654966,0.0401074535823862
2022-03-17,-0.0168586368244167,0.0135340411688473,0.017666074578333,-0.0394901097066346,0.0358235511461839,0.0050559876574576,0.0310102367425599,-0.0020080328032454,-0.0071174677688636,0.011371835411857
2022-03-18,0.0289433760394886,0.0424040135657892,0.0401463441811253,0.0156388938844547,0.0185811303175373,0.0381671767781446,0.0547700678276497,0.0010045204260054,0.0163491380015292,0.0140353181163832
2022-03-21,-0.0105661360378819,-0.0334820212967632,0.0325087728572413,-0.0440599897940305,-0.00170956447753,0.0287101058824315,0.0544950287634313,0.002006018726866,-0.0027063615977427,-0.0048899852941919
2022-03-22,0.0105661360378819,0.0391922438076477,0.047141039286782996,0.0071813594086647,-0.0162916875981857,0.0292185459991398,0.0852276370853379,0.0119523335238409,-0.0021703752415498,-0.0035075448096772
2022-03-23,-0.0075358306887027,0.0349685978377465,-0.0103165560191493,-0.0144146640021847,-0.0087336799687545,-0.0138387710999703,-0.0174330880904953,0.0069067862132548,0.0064970450522818,0.0345338183727781
2022-03-24,0.0030211503341761,-0.0089748617606986,0.0460103056488332,0.0,-0.0153214546944333,0.0138387710999703,0.0205703455656283,-0.0391027260137426,-0.0245846853332381,-0.0240478781816384
2022-03-25,-0.0030211503341761,-0.0097561749453647,0.0058713806246775,0.0303866095682368,-0.0364849496638393,0.0013080446600155,0.0007827789049406,0.001021972495693,-0.0072162400297424,-0.0274955636155107
2022-03-28,0.0135238725333255,0.0262627395470671,0.0708715385407465,0.0956302310152503,-0.0030842010672085,0.0321571116345311,-0.0086444546163408,0.0050942545217429,-0.0179881185245087,-0.0129498212561891
2022-03-29,0.0133434151736842,-0.0102846295624088,-0.0064660757494565,0.0695260626486102,0.0090201513593837,0.0536007567297818,0.0148847244764254,-0.0061162270174359,0.0011337869695267,-0.0167948452906507
2022-03-30,-0.0014738396183004,0.0358752516255971,-0.0543444830348822,-0.0615578929994335,0.0307469211931907,-0.044779023400634006,-0.0609162662067777,0.0242436116099926,0.0112677248463426,0.0397020745658864
2022-03-31,0.0131870042819537,0.0079470616925321,0.0099607638757714,0.0157483569681393,-0.0266735958055548,0.0314938038493122,0.0261026239026374,-0.0070105444862171,-0.0324537448497386,-0.0411759141841869
2022-04-01,0.0014545457109942,0.0215342742145514,-0.0091707704179642,0.0201089529227134,0.0298350289859956,0.0006077180375427,-0.0056520134313466,0.0228524599518751,0.0086430961560197,0.0022099456508031
2022-04-06,0.0101230076314486,0.0497427061456172,-0.0296535685111414,-0.0015325673497781,0.0090338399133775,-0.0327290713269667,-0.0421724336181266,0.0068526944620406,-0.0022975311657376,-0.0306336990886912
2022-04-07,-0.0174169859940021,-0.0381893042064649,0.0035187477096716,0.0493742763355722,-0.0141762563090015,0.0223472986919968,0.0008442381252806,-0.0147422817372033,0.0,-0.0450037151169291
2022-04-08,0.010196738020515,0.0381893042064649,0.0290261357345906,-0.0266287923466015,0.0,0.0403062077498033,0.010910725106163,0.0225168592843334,-0.0144804151965582,0.0134018560870159
2022-04-11,-0.0014503265776466,-0.0006144393434479,-0.0105541876786903,0.0266287923466015,-0.0495935802184797,0.0082208331448572,-0.0382862584063357,-0.0038797332855891,-0.0545535316431338,-0.0497695002578906
2022-04-12,0.0086705745511337,-0.0388520042447844,-0.0378423531831599,0.0245145657635859,0.0879139354568421,0.0064121467148337,0.0441123256556963,0.0115943327809193,0.0650005216077893,0.05211600113901401
2022-04-13,-0.0028818463748889,0.0070041674435707,0.0457684184555806,0.0169495583137733,-0.0286508176377906,0.0269434469860492,0.0588167890127246,-0.0193992504503031,-0.0186485590780729,-0.0261194112336262
2022-04-14,-0.0160003413464411,0.0561356123329699,0.0487901641694321,0.0598004233027873,0.0209879448922216,0.037195517291081996,0.0680534632450156,0.0174761729345616,0.0116960397631911,0.0167001893171345
2022-04-15,-0.008836581800498,0.0201907096450675,-0.0727593542824283,-0.017299167262812002,0.013561472285688,-0.0445756245887043,0.0954430790004807,-0.0135660995267188,0.0167199052111031,-0.0087129264069236
2022-04-18,0.008836581800498,-0.0438640458333758,-0.0755604052340368,-0.0327450810946106,-0.0172220100404185,-0.0265604527843756,-0.0269376557318086,-0.0078354955239485,-0.0184656141211263,0.012648389967158998
2022-04-19,0.0246210843903482,0.0,0.0795953804462157,0.0539942205767369,-0.0325646664187524,0.0214190532839566,0.0135595297856321,0.0029455102297566,-0.008187180234787,0.0039200363800735
2022-04-20,-0.0086207430439071,-0.0594735646352844,-0.0781429473659005,0.0143511921630898,0.0168071183163811,-0.0481031150183932,-0.0661110251120624,-0.0148150857851403,-0.0153849188394796,-0.0133912989725604
2022-04-21,-0.0014440435722335,0.0026041681383879,0.0034772564738654,0.0192436983926271,-0.0039292781398896,-0.0054233335699906,-0.0329097340887978,-0.0029895388483662,-0.0321142411015853,-0.0470866199902406
2022-04-22,0.0114943794257349,0.0568693964968964,-0.0028968734047594,0.0361861065467037,0.0088192634340815,0.0012077296153996,0.0278610396288185,-0.0009985023295895,0.0356856734691826,0.0140324217526233
2022-04-25,-0.0114943794257349,-0.0388276700117375,-0.0527143026255658,-0.1059053263495912,-0.0545334546013926,-0.0412747222122855,-0.0634304344007228,-0.0491398756610181,-0.0862014636060846,-0.0864154294153771
2022-04-26,-0.0145562977742075,0.0158381517870385,-0.0524205994429189,-0.0589230729968459,-0.0113979060055764,-0.0391200892852152,-0.0546237876980004,-0.0406908383786808,-0.0532040360634642,0.0071238057278509995
2022-04-27,0.0160003413464411,-0.0280451777647203,0.0273380025616774,0.0711100891000895,0.049405310682991,0.0378614358780189,0.0638263066291622,0.0065359709797854,0.0408219945202548,0.0585869503258349
2022-04-28,-0.0189372010197508,0.0211072754479459,0.0672981154085881,0.0498791051219269,-0.0464916769880616,0.0891082534132143,0.0799252609648455,-0.0219547786469691,0.0006555228028903,-0.0025136167403161
2022-04-29,-0.0208031276297633,-0.0082618836649914,0.0180132703254281,0.0101911710061881,0.026252533087398996,-0.008678099008756001,-0.0113395970575815,0.029526475177863,0.0258746647063459,0.0570651954758636
2022-05-05,-0.0105661360378819,-0.0639005625832389,0.0020135200244459,0.0138454068220528,0.0377403279828469,-0.0241117238142347,-0.033336420267592,-0.0250967890862745,0.0258444891867641,0.0188388616964059
2022-05-06,-0.0137511716128244,-0.0646292281991782,-0.0365805233627378,0.0392207131532815,-0.0621242837591928,0.0,-0.0216023297984899,-0.0257428876931347,-0.0182108643316927,-0.0388475324050765
2022-05-09,0.0122325684356345,0.0050669670478353,-0.0317967740819988,-0.0342331716422426,-0.0201138144777792,-0.0143887374520996,-0.0344729654207425,0.0022650066308518,0.0069466651308962,0.0024222862065945
2022-05-10,-0.0091603693986643,-0.0079739458391445,-0.0161293819298835,-0.0883691504500898,-0.0027551145964204,-0.0457151866176057,-0.0760884679248548,0.0090090699423659,0.008771986072837001,0.0379792480652163
2022-05-11,0.0015325673497781,-0.0355593020364866,0.0368365773564902,0.0027137058715962,0.0116047298734027,0.0347861160854154,0.0363376064735625,-0.0011217051091998,-0.0094015108024718,-0.0085770506317595
2022-05-12,-0.0030674870678617,-0.0190336922333025,-0.0096911721531767,0.0227739246485523,-0.0270028099845247,-0.0122851667945775,-0.0498856545108687,-0.0033726844786392,0.0094015108024718,0.0101286413231784
2022-05-13,0.0106952891167479,0.0384517780904039,0.050151437604556995,0.0703164984174598,0.0096515494522217,0.0417609849275311,0.0210889300219192,-0.0022547923870889996,0.0012468829545633,0.0176723769470785
2022-05-16,-0.0045696956900653,0.0161412161793852,0.0271251462676911,0.0610602567612459,0.020911100957945,0.0228547890974049,0.0716604289207318,-0.0113508596686897,0.0142285109983695,-0.0184478713636089
